symbol,is_financial,sales_growth_pct,pat_growth_pct,opm_prev_pct,opm_latest_pct,d_pbt,eff_volume,eff_margin,eff_other_income,eff_finance_dep,bridge_residual,oi_share_of_growth,oi_pct_of_pbt,oi_driven_growth,oi_level_high,oi_spike
NMDC,False,34.2,11.0,34.1,28.9,1006.0,2783.6,-1673.6,-103.0,0.0,-1.0,-0.102,14.7,,,
SAATVIKGL,False,110.8,57.9,14.9,11.9,162.0,356.6,-136.6,4.0,-62.0,-0.0,0.025,8.1,,,
EMMVEE,False,116.2,177.0,30.9,34.3,855.0,838.8,173.2,29.0,-187.0,1.0,0.034,4.0,,,
NATIONALUM,False,6.3,9.5,44.7,44.4,671.0,471.8,-51.8,309.0,-58.0,-0.0,0.461,8.6,,,
SANDUMA,False,62.3,32.5,24.9,23.8,203.0,487.2,-60.2,-38.0,-186.0,0.0,-0.187,5.1,,,
BANCOINDIA,False,21.3,20.6,19.0,17.5,110.0,129.9,-59.9,77.0,-38.0,1.0,0.7,18.6,Y,,Y
SUZLON,False,53.6,67.4,17.1,18.1,975.0,999.4,159.6,83.0,-266.0,-1.0,0.085,7.4,,,
WAAREEENER,False,83.7,97.0,18.8,22.3,2487.0,2278.9,908.1,15.0,-716.0,1.0,0.006,8.2,,,
SHRIPISTON,False,25.6,10.1,20.4,19.6,69.0,185.4,-33.4,-26.0,-57.0,0.0,-0.377,11.3,,,
WEBELSOLAR,False,82.4,85.1,44.0,40.9,165.0,208.6,-32.6,7.0,-18.0,0.0,0.042,2.5,,,
WAAREERTL,False,108.4,113.3,19.5,19.2,340.0,337.3,-7.3,9.0,-1.0,2.0,0.026,3.1,,,
GOKULAGRO,False,23.1,49.2,2.7,2.8,160.0,122.2,25.8,6.0,6.0,0.0,0.037,8.2,,,
WELCORP,False,20.0,-5.1,12.0,13.3,-115.0,336.4,215.6,-770.0,104.0,-1.0,,22.3,,,
SONACOMS,False,25.5,5.5,27.3,24.3,44.0,246.2,-132.2,-44.0,-27.0,1.0,-1.0,8.6,,,
UTLSOLAR,False,72.3,91.5,16.2,18.5,195.0,180.0,61.0,-3.0,-43.0,-0.0,-0.015,1.5,,,
BSE,True,50.5,88.8,58.4,63.7,1557.0,947.3,255.7,370.0,-14.0,-2.0,0.238,11.8,,,
QPOWER,False,181.0,92.9,19.3,18.6,104.0,117.7,-6.7,6.0,-13.0,0.0,0.058,27.8,,Y,
ZYDUSLIFE,False,16.8,9.9,30.4,31.2,594.0,1186.2,230.8,-57.0,-765.0,-1.0,-0.096,-0.1,,,
TRITURBINE,False,8.7,-3.3,21.9,20.6,-16.0,38.3,-28.3,-20.0,-5.0,-1.0,,12.9,,,
OSWALPUMPS,False,44.3,31.2,29.4,24.9,115.0,186.2,-92.2,18.0,4.0,-1.0,0.157,4.1,,,
BAJAJ-AUTO,False,23.4,36.5,18.7,20.8,3728.0,2231.6,1310.4,1196.0,-1011.0,1.0,0.321,19.1,,,
POLYCAB,False,28.9,33.8,13.2,13.9,912.0,856.6,192.4,25.0,-162.0,-0.0,0.027,6.3,,,
JAMNAAUTO,False,15.1,25.0,13.4,15.2,64.0,46.0,45.0,-5.0,-22.0,-0.0,-0.078,-0.6,,,
BLS,False,36.7,31.5,29.6,27.3,191.0,238.2,-68.2,15.0,7.0,-1.0,0.079,11.9,,,
MCX,True,106.8,141.8,59.7,71.3,991.0,710.4,266.6,29.0,-14.0,-1.0,0.029,7.5,,,
TIPSMUSIC,False,20.9,30.9,66.6,73.4,69.0,43.3,25.7,0.0,0.0,0.0,0.0,6.5,,,
KIRLPNU,False,9.0,20.3,17.9,20.1,57.0,26.4,39.6,-4.0,-4.0,-1.0,-0.07,4.1,,,
HEROMOTOCO,False,15.9,25.3,14.1,14.9,1502.0,917.8,352.2,270.0,-37.0,-1.0,0.18,17.6,,,
SHYAMMETL,False,22.6,17.8,12.3,12.6,221.0,420.8,46.2,-27.0,-219.0,0.0,-0.122,14.0,,,
EMCURE,False,16.6,32.5,18.6,20.3,316.0,243.3,152.7,-81.0,1.0,-0.0,-0.256,-1.5,,,
JAINREC,False,33.9,54.4,5.3,5.8,166.0,127.2,55.8,-12.0,-4.0,-1.0,-0.072,5.1,,,
KALYANKJIL,False,42.7,87.7,6.3,7.0,842.0,677.0,229.0,27.0,-91.0,-0.0,0.032,9.3,,,
ANGELONE,True,-1.9,-20.1,37.9,35.4,-320.0,-38.2,-124.8,7.0,-164.0,-0.0,,1.2,,,
MOTHERSON,False,10.9,6.9,9.5,9.6,364.0,1177.7,186.3,-618.0,-383.0,1.0,-1.698,4.6,,,
ANANDRATHI,True,27.9,32.3,45.0,46.8,131.0,122.9,22.1,-1.0,-13.0,0.0,-0.008,0.0,,,
ASHAPURMIN,False,91.2,46.4,13.8,10.6,141.0,343.8,-165.8,39.0,-77.0,1.0,0.277,31.5,,Y,
ARE&M,False,7.5,-5.2,12.6,10.9,-66.0,122.2,-239.2,131.0,-82.0,2.0,,29.2,,Y,Y
LLOYDSME,False,154.6,175.5,29.1,36.3,3336.0,3024.4,1224.6,95.0,-1009.0,1.0,0.028,2.8,,,
TRANSRAILL,False,29.6,21.4,14.6,11.9,100.0,229.8,-185.8,-16.0,71.0,1.0,-0.16,5.6,,,
COALINDIA,False,17.5,-10.7,32.8,24.5,-5043.0,8217.0,-14039.0,2102.0,-1324.0,1.0,,28.7,,Y,
EIEL,False,7.5,3.7,25.1,24.2,9.0,20.1,-11.1,15.0,-15.0,-0.0,1.667,13.6,Y,,
PREMIERENE,False,20.0,59.1,27.3,30.4,733.0,356.5,239.5,73.0,65.0,-1.0,0.1,10.5,,,
NAM-INDIA,True,16.1,16.4,68.7,68.7,278.0,278.8,2.2,6.0,-9.0,0.0,0.022,0.5,,,
FIEMIND,False,16.2,23.6,13.3,14.1,65.0,52.2,21.8,1.0,-9.0,-1.0,0.015,6.2,,,
NETWEB,False,90.1,79.9,13.9,13.0,123.0,144.1,-19.1,10.0,-12.0,0.0,0.081,6.9,,,
INOXINDIA,False,21.5,14.4,21.8,21.6,43.0,61.3,-3.3,-6.0,-9.0,0.0,-0.14,12.3,,,
ATLANTAELE,False,48.9,73.6,15.6,18.6,117.0,94.8,55.2,8.0,-43.0,2.0,0.068,5.1,,,
TDPOWERSYS,False,45.1,40.5,18.4,17.8,94.0,106.0,-11.0,-3.0,3.0,-1.0,-0.032,6.4,,,
BELRISE,False,14.7,49.3,12.3,12.1,220.0,150.0,-17.0,43.0,44.0,0.0,0.195,15.8,,,
LUPIN,False,23.1,71.2,23.2,29.2,2858.0,1220.3,1661.7,321.0,-346.0,1.0,0.112,7.6,,,
APARINDS,False,23.3,18.4,8.5,8.2,204.0,367.9,-73.9,-67.0,-23.0,0.0,-0.328,2.4,,,
GPIL,False,0.2,0.5,22.2,23.3,6.0,2.4,56.6,-27.0,-26.0,-0.0,-4.5,7.5,,,
CRAFTSMAN,False,41.8,97.8,14.6,15.3,264.0,348.3,56.7,50.0,-189.0,-2.0,0.189,9.4,,,
IKS,False,19.9,49.3,28.9,33.9,299.0,153.4,157.6,-22.0,10.0,0.0,-0.074,1.9,,,
HBLENGINE,False,67.9,187.4,20.0,33.7,701.0,266.9,453.1,-10.0,-9.0,0.0,-0.014,2.6,,,
AJANTPHARM,False,17.3,15.9,27.3,27.5,189.0,219.8,11.2,-18.0,-24.0,0.0,-0.095,4.9,,,
VIKRAMSOLR,False,40.6,199.1,14.4,19.1,430.0,199.6,225.4,16.0,-11.0,0.0,0.037,8.0,,,
HINDZINC,False,19.8,36.6,51.1,54.1,4955.0,3457.8,1191.2,242.0,64.0,0.0,0.049,5.9,,,
MSUMI,False,23.2,2.0,10.7,9.2,16.0,230.8,-166.8,-9.0,-38.0,-1.0,-0.562,0.5,,,
CGPOWER,False,25.3,20.8,13.3,13.2,280.0,334.0,-12.0,46.0,-88.0,0.0,0.164,12.8,,,
APLAPOLLO,False,11.5,62.2,5.8,7.8,597.0,138.4,464.6,16.0,-22.0,0.0,0.027,7.2,,,
PRUDENT,True,18.4,13.7,25.8,24.8,36.0,53.6,-12.6,0.0,-6.0,1.0,0.0,0.0,,,
RRKABEL,False,27.6,61.1,6.4,8.1,250.0,134.5,164.5,-10.0,-39.0,0.0,-0.04,6.5,,,
JAYNECOIND,False,19.8,485.4,15.8,18.6,500.0,186.2,200.8,-10.0,124.0,-1.0,-0.02,0.5,,,
TENNIND,False,10.5,11.3,16.7,17.1,83.0,85.7,24.3,-9.0,-19.0,1.0,-0.108,3.9,,,
DIXON,False,25.8,31.9,3.9,3.8,501.0,390.4,-38.4,237.0,-87.0,-1.0,0.473,35.4,,Y,Y
CRIZAC,False,22.7,42.1,25.1,27.4,85.0,48.4,24.6,-6.0,19.0,-1.0,-0.071,10.1,,,
SYRMA,False,27.3,87.8,8.5,11.3,208.0,88.0,134.0,-14.0,1.0,-1.0,-0.067,7.4,,,
CAPLIPOINT,False,12.9,18.6,33.6,34.8,126.0,84.0,26.0,24.0,-7.0,-1.0,0.19,14.4,,,
CRAMC,True,12.4,6.6,65.3,62.3,17.0,32.7,-13.7,1.0,-2.0,-1.0,0.059,0.4,,,
MARKSANS,False,12.5,11.3,20.2,20.4,57.0,66.2,5.8,13.0,-28.0,-0.0,0.228,14.8,,,
AVALON,False,46.0,77.0,10.5,10.8,67.0,52.9,5.1,12.0,-3.0,0.0,0.179,18.8,,,
INDGN,False,23.6,-2.6,19.3,17.6,-14.0,129.5,-58.5,-42.0,-43.0,0.0,,9.9,,,
DATAPATTNS,False,30.6,23.4,38.8,40.4,69.0,84.3,14.7,-21.0,-9.0,0.0,-0.304,6.9,,,
CAMS,True,6.6,1.6,45.9,45.1,10.0,43.1,-12.1,-2.0,-20.0,1.0,-0.2,8.1,,,
NEULANDLAB,False,37.0,41.3,22.4,28.7,143.0,122.4,126.6,-65.0,-42.0,1.0,-0.455,5.1,,,
GRAVITA,False,10.2,23.4,8.5,10.2,85.0,33.6,73.4,-34.0,11.0,1.0,-0.4,17.2,,,
EICHERMOT,False,24.0,19.7,25.0,24.7,1169.0,1135.8,-73.8,235.0,-129.0,1.0,0.201,31.4,,Y,
IIFLCAPS,True,-4.0,-18.3,44.2,35.0,-169.0,-44.2,-222.8,135.0,-37.0,-0.0,,24.2,,,
KPITTECH,False,10.5,-23.0,21.1,18.9,-261.0,129.1,-139.1,-144.0,-108.0,1.0,,3.0,,,
REDINGTON,False,20.0,-27.3,2.2,2.0,-638.0,430.0,-236.0,-821.0,-9.0,-2.0,,1.9,,,
LUMAXTECH,False,33.9,31.8,12.8,13.5,98.0,157.6,36.4,-19.0,-75.0,-2.0,-0.194,7.9,,,
RHIM,False,9.4,-221.7,13.1,11.0,-583.0,45.4,-85.4,-552.0,9.0,0.0,,,,,
LICI,True,9.9,-5.0,6.0,5.0,-2792.0,5256.3,-9773.3,1926.0,-201.0,-0.0,,10.1,,,
CORONA,False,17.3,20.6,20.2,21.0,41.0,41.7,11.3,-15.0,3.0,0.0,-0.366,-3.8,,,
GABRIEL,False,14.9,3.7,9.6,9.4,12.0,58.0,-10.0,-13.0,-23.0,0.0,-1.083,3.9,,,
HINDALCO,False,15.3,-17.2,13.3,12.7,-3841.0,4860.6,-1785.6,-5906.0,-1010.0,-0.0,,-22.0,,,
ADANIPOWER,False,-3.5,-5.3,38.1,36.5,-860.0,-747.7,-864.3,1035.0,-283.0,0.0,,23.4,,,
USHAMART,False,6.2,16.7,17.2,19.1,88.0,37.3,70.7,-11.0,-8.0,-1.0,-0.125,7.5,,,
JSLL,False,70.8,175.0,30.1,43.6,189.0,99.8,108.2,1.0,-21.0,1.0,0.005,2.7,,,
NUVAMA,True,11.3,5.1,53.3,52.7,67.0,250.2,-29.2,19.0,-174.0,1.0,0.284,2.4,,,
SKYGOLD,False,77.4,117.8,5.6,6.9,205.0,152.5,84.5,3.0,-36.0,1.0,0.015,9.5,,,
CHOICEIN,True,21.5,43.0,32.0,35.7,95.0,63.4,41.6,24.0,-35.0,1.0,0.253,7.9,,,
SHAKTIPUMP,False,7.2,-35.4,24.0,15.6,-197.0,43.6,-224.6,7.0,-23.0,0.0,,6.7,,,
NLCINDIA,False,14.1,4.8,31.0,31.9,178.0,671.7,169.3,121.0,-785.0,1.0,0.68,48.7,Y,Y,
HAL,False,6.8,11.8,31.1,29.5,1285.0,654.6,-505.6,1135.0,1.0,0.0,0.883,30.8,Y,Y,
SARDAEN,False,22.6,57.8,26.6,31.4,531.0,278.9,271.1,75.0,-94.0,0.0,0.141,17.0,,,
ALIVUS,False,6.9,14.8,28.7,31.2,97.0,47.3,65.7,2.0,-17.0,-1.0,0.021,4.7,,,
NATCOPHARM,False,-7.9,-34.9,49.6,35.2,-800.0,-174.5,-585.5,-56.0,15.0,1.0,,20.0,,,Y
ANTHEM,False,15.1,25.4,36.4,39.3,167.0,101.6,60.4,46.0,-41.0,0.0,0.275,15.9,,,
TBOTEK,False,54.1,6.5,16.4,13.8,18.0,154.2,-69.2,-21.0,-45.0,-1.0,-1.167,18.4,,,Y
HDFCAMC,True,13.9,12.9,82.6,82.1,423.0,466.5,-22.5,-3.0,-18.0,0.0,-0.007,0.2,,,
GODFRYPHLP,False,13.9,39.6,21.0,24.8,551.0,163.6,244.4,140.0,3.0,0.0,0.254,25.2,,Y,
APOLLO,False,60.9,86.7,23.0,24.1,72.0,78.5,10.5,3.0,-20.0,0.0,0.042,3.9,,,
INDUSTOWER,False,7.9,-27.0,68.6,54.8,-3556.0,1624.7,-4461.7,-287.0,-433.0,1.0,,5.0,,,
LOTUSDEV,False,40.3,6.5,52.7,36.5,20.0,116.5,-124.5,30.0,-2.0,-0.0,1.5,15.3,Y,,Y
CUMMINSIND,False,16.9,19.0,20.0,21.4,493.0,350.7,164.3,-12.0,-10.0,0.0,-0.024,22.7,,,
KEI,False,20.7,31.5,10.2,10.5,295.0,204.8,33.2,87.0,-29.0,-1.0,0.295,12.9,,,
SONATSOFTW,False,5.4,9.2,6.8,6.9,53.0,37.0,16.0,-31.0,31.0,-0.0,-0.585,6.4,,,
SPARC,False,2509.7,,-448.6,85.1,1896.0,-8106.4,10028.4,-4.0,-23.0,1.0,-0.002,-0.1,,,
LALPATHLAB,False,12.3,7.0,28.4,28.3,44.0,85.7,-0.7,-21.0,-21.0,1.0,-0.477,10.5,,,
SCHNEIDER,False,9.6,-16.6,14.5,12.8,-58.0,36.9,-48.9,-38.0,-9.0,1.0,,1.4,,,
RAILTEL,False,23.0,16.9,15.4,14.9,68.0,122.9,-21.9,-26.0,-9.0,2.0,-0.382,5.5,,,
THANGAMAYL,False,73.1,193.1,4.5,6.6,309.0,160.0,186.0,6.0,-43.0,0.0,0.019,2.6,,,
PRICOLLTD,False,50.1,45.8,11.6,11.6,104.0,156.8,-0.8,-5.0,-47.0,0.0,-0.048,3.6,,,
IMFA,False,10.2,7.8,20.7,20.8,40.0,54.0,3.0,-1.0,-16.0,-0.0,-0.025,11.7,,,
INDHOTEL,False,16.2,13.5,33.2,33.0,348.0,449.8,-22.8,22.0,-100.0,-1.0,0.063,19.0,,,Y
CCL,False,43.5,31.0,17.9,16.4,109.0,241.4,-63.4,0.0,-70.0,1.0,0.0,1.7,,,
SHAREINDIA,True,1.4,2.1,35.7,38.8,9.0,7.5,45.5,-2.0,-40.0,-2.0,-0.222,4.3,,,
BALUFORGE,False,19.8,20.5,27.2,27.1,52.0,49.7,-0.7,16.0,-12.0,-1.0,0.308,10.8,,,
GESHIP,False,1.6,22.9,50.3,58.2,564.0,43.3,427.7,69.0,24.0,0.0,0.122,29.8,,Y,
ACE,False,-1.4,1.5,15.2,15.4,8.0,-7.1,5.1,10.0,0.0,0.0,1.25,19.7,Y,,
ASKAUTOLTD,False,16.0,19.6,12.0,12.7,64.0,69.0,30.0,4.0,-39.0,0.0,0.062,5.6,,,
PARKHOSPS,False,20.4,23.7,26.9,26.4,68.0,76.7,-7.7,2.0,-2.0,-1.0,0.029,9.0,,,
SUPRIYA,False,19.0,10.9,37.5,35.5,27.0,49.5,-16.5,1.0,-8.0,1.0,0.037,4.0,,,
ABSLAMC,True,3.7,1.7,64.9,64.0,21.0,48.1,-19.1,-3.0,-5.0,0.0,-0.143,0.1,,,
JSWSTEEL,False,9.9,476.1,13.5,15.9,24173.0,2240.7,4498.3,18416.0,-982.0,0.0,0.762,63.2,Y,Y,Y
CEATLTD,False,18.6,49.3,11.2,13.1,317.0,274.5,297.5,-39.0,-215.0,-1.0,-0.123,-3.2,,,
ITC,False,4.7,-33.2,34.3,34.6,-13910.0,1215.8,258.2,-15280.0,-105.0,1.0,,9.0,,,
ACUTAAS,False,33.0,123.6,23.0,35.8,267.0,76.5,171.5,25.0,-6.0,0.0,0.094,8.7,,,
HYUNDAI,False,2.3,-4.6,12.9,12.2,-348.0,202.3,-519.3,41.0,-72.0,0.0,,13.1,,,
CPPLUS,False,35.6,13.6,8.0,13.4,59.0,88.4,229.6,-246.0,-13.0,0.0,-4.169,2.6,,,
BBTC,False,6.8,9.6,17.1,17.6,294.0,212.7,83.3,3.0,-5.0,-0.0,0.01,12.2,,,
NH,False,44.0,3.0,23.7,20.4,28.0,571.2,-258.2,-35.0,-251.0,1.0,-1.25,4.7,,,
LODHA,False,21.0,22.9,28.9,29.5,815.0,838.3,95.7,62.0,-180.0,-1.0,0.076,10.3,,,
YATHARTH,False,40.3,30.2,26.2,24.2,52.0,90.8,-23.8,10.0,-26.0,1.0,0.192,11.6,,,
SENCO,False,33.2,250.0,6.0,11.5,545.0,126.6,461.4,25.0,-69.0,1.0,0.046,10.5,,,
ENDURANCE,False,26.3,16.6,13.4,13.5,182.0,407.2,7.8,-26.0,-205.0,-2.0,-0.143,8.1,,,
AVL,False,18.2,9.8,9.2,8.5,14.0,37.9,-17.9,4.0,-10.0,-0.0,0.286,5.1,,,
NYKAA,False,26.1,159.8,6.0,7.5,203.0,123.8,153.2,-12.0,-63.0,1.0,-0.059,4.5,,,
PNGJL,False,41.6,88.4,4.4,5.7,259.0,140.1,138.9,51.0,-71.0,0.0,0.197,15.4,,,Y
ZENTEC,False,-29.4,-26.8,39.2,35.6,-109.0,-112.2,-24.8,28.0,0.0,-0.0,,29.0,,Y,Y
JBCHEPHARM,False,5.9,7.3,26.3,26.7,65.0,60.6,14.4,-5.0,-5.0,0.0,-0.077,3.5,,,
IRCTC,False,11.6,6.7,33.2,31.9,118.0,179.2,-64.2,1.0,2.0,-0.0,0.008,14.8,,,
CCAVENUE,True,103.3,10.7,7.9,4.3,33.0,326.3,-291.3,15.0,-17.0,0.0,0.455,25.2,,,
FINCABLES,False,18.8,0.8,10.2,9.8,7.0,102.3,-25.3,-58.0,-12.0,0.0,-8.286,39.8,,Y,
BHARTIARTL,False,22.0,17.6,49.2,55.2,6775.0,18679.4,12774.6,-17737.0,-6942.0,0.0,-2.618,6.5,,,
THYROCARE,False,20.7,46.9,27.7,31.7,68.0,39.3,33.7,-3.0,-4.0,2.0,-0.044,5.6,,,
HINDCOPPER,False,48.6,95.1,35.6,47.5,601.0,358.8,365.2,-101.0,-21.0,-1.0,-0.168,-1.9,,,
INFY,False,9.6,6.3,24.1,23.7,2387.0,3769.8,-725.8,-567.0,-90.0,-0.0,-0.238,7.6,,,
TANLA,False,9.7,1.1,17.2,16.4,7.0,67.0,-33.0,-3.0,-23.0,-1.0,-0.429,5.8,,,
VOLTAMP,False,11.4,-6.9,18.9,16.5,-30.0,41.6,-52.6,-18.0,-2.0,1.0,,16.5,,,
ESCORTS,False,12.7,90.2,11.4,13.0,1346.0,147.3,184.7,1017.0,-2.0,-1.0,0.756,57.0,Y,Y,Y
NESTLEIND,False,14.6,5.7,23.5,22.7,248.0,693.9,-179.9,-85.0,-181.0,-0.0,-0.343,3.5,,,
FORCEMOT,False,12.2,22.5,13.6,16.4,278.0,134.1,249.9,-124.0,17.0,1.0,-0.446,21.2,,,
ENGINERSIN,False,27.2,41.9,16.6,17.7,264.0,139.8,42.2,82.0,1.0,-1.0,0.311,27.1,,Y,
NAVA,False,7.7,-6.6,46.1,40.0,-106.0,141.4,-259.4,36.0,-25.0,1.0,,12.4,,,
ERIS,False,8.1,30.7,35.2,35.8,150.0,82.7,19.3,-27.0,73.0,2.0,-0.18,-1.4,,,
KPIL,False,21.6,66.6,9.1,9.0,548.0,439.3,-38.3,79.0,68.0,0.0,0.144,10.3,,,
BEL,False,16.2,13.4,28.8,29.2,954.0,1104.8,107.2,-176.0,-83.0,1.0,-0.184,7.0,,,
CHALET,False,61.2,88.7,42.8,42.9,385.0,450.7,0.3,6.0,-72.0,0.0,0.016,5.1,,,
DOMS,False,21.6,12.2,18.2,17.3,35.0,75.3,-21.3,-3.0,-15.0,-1.0,-0.086,5.9,,,
GRSE,False,37.9,43.0,8.3,11.4,302.0,160.1,212.9,-61.0,-12.0,2.0,-0.202,27.3,,Y,
GVT&D,False,44.6,101.2,19.4,27.1,830.0,370.6,482.4,-35.0,13.0,-1.0,-0.042,1.6,,,
POWERINDIA,False,27.6,156.0,9.5,15.4,805.0,167.1,479.9,129.0,28.0,1.0,0.16,14.1,,,
CDSL,True,5.8,-12.4,57.8,50.8,-86.0,36.4,-79.4,-26.0,-17.0,0.0,,15.3,,,
REDTAPE,False,19.7,39.1,16.8,14.3,91.0,66.8,-58.8,101.0,-19.0,1.0,1.11,41.0,Y,Y,Y
GLAND,False,14.5,37.8,22.6,25.3,402.0,184.2,176.8,78.0,-37.0,0.0,0.194,19.9,,,
SAIL,False,8.1,38.6,10.4,10.8,1254.0,869.1,440.9,-355.0,298.0,1.0,-0.283,14.4,,,
ASTERDM,False,12.2,-89.7,18.2,18.6,-4972.0,92.0,18.0,-5076.0,-5.0,-1.0,,16.3,,,
VIJAYA,False,19.5,20.7,40.1,41.4,40.0,53.3,10.7,4.0,-27.0,-1.0,0.1,9.0,,,
ELGIEQUIP,False,12.6,19.7,15.1,14.7,95.0,66.5,-16.5,47.0,-1.0,-1.0,0.495,19.1,,,
OBEROIRLTY,False,13.7,11.2,58.7,55.9,331.0,424.4,-168.4,92.0,-19.0,2.0,0.278,8.8,,,
KPIGREEN,False,55.4,56.7,32.5,35.5,250.0,312.4,81.6,31.0,-175.0,0.0,0.124,6.9,,,
GROWW,True,14.4,14.5,62.3,59.1,357.0,363.8,-149.8,171.0,-26.0,-2.0,0.479,6.1,,,
STYL,True,-1.5,11.5,24.7,26.4,34.0,-5.4,24.4,5.0,10.0,0.0,0.147,4.3,,,
MAZDOCK,False,13.8,5.7,18.1,17.4,175.0,284.5,-84.5,18.0,-44.0,1.0,0.103,35.2,,Y,
TIMKEN,False,8.8,-3.5,19.1,18.2,-20.0,53.7,-32.7,-21.0,-21.0,1.0,,5.4,,,
CUPID,False,95.6,158.2,23.0,32.7,87.0,40.2,34.8,15.0,-2.0,-1.0,0.172,23.9,,,Y
EPL,False,13.1,14.0,19.9,20.3,59.0,109.3,18.7,-26.0,-43.0,0.0,-0.441,3.1,,,
JKTYRE,False,11.1,46.3,10.9,12.4,330.0,177.8,254.2,-136.0,32.0,2.0,-0.412,-8.4,,,
JINDALSAW,False,-14.1,-54.2,16.5,12.5,-1273.0,-485.1,-729.9,-33.0,-25.0,0.0,,9.0,,,
ABBOTINDIA,False,8.1,10.2,26.4,27.3,192.0,137.5,59.5,13.0,-18.0,0.0,0.068,13.9,,,
CMSINFO,False,2.6,-18.7,25.9,24.0,-93.0,16.0,-47.0,-15.0,-48.0,1.0,,8.9,,,
MARICO,False,25.7,7.6,19.7,17.1,161.0,549.0,-360.0,-4.0,-24.0,0.0,-0.025,9.0,,,
JSL,False,9.3,27.0,11.4,12.9,903.0,414.1,676.9,-128.0,-60.0,-0.0,-0.142,7.3,,,
SUPREMEIND,False,7.4,0.2,13.7,13.8,3.0,105.8,15.2,-32.0,-86.0,-0.0,-10.667,11.8,,,
MOTILALOFS,True,12.5,-23.4,54.5,41.3,-754.0,567.4,-1236.4,-36.0,-50.0,1.0,,1.7,,,
COFORGE,False,36.1,57.8,14.1,17.9,734.0,611.8,630.2,-220.0,-288.0,0.0,-0.3,-4.1,,,
UNOMINDA,False,17.2,23.6,11.2,11.5,309.0,322.1,54.9,38.0,-106.0,-0.0,0.123,15.8,,,
VIYASH,False,13.7,2584.6,12.9,19.1,336.0,53.2,212.8,48.0,22.0,0.0,0.143,-0.3,,,
KRN,False,39.5,32.4,16.3,18.7,24.0,27.7,14.3,-2.0,-17.0,1.0,-0.083,10.2,,,
VEDL,False,25.1,30.0,29.6,29.6,6855.0,4656.6,-51.6,1447.0,803.0,-0.0,0.211,47.7,,Y,Y
PGIL,False,11.5,15.7,9.3,9.6,42.0,48.0,19.0,-2.0,-23.0,0.0,-0.048,11.7,,,
ANANTRAJ,False,21.9,34.8,23.9,26.1,171.0,108.0,56.0,27.0,-20.0,0.0,0.158,10.1,,,
EIHOTEL,False,7.2,-7.7,37.5,34.8,-79.0,73.8,-77.8,-65.0,-11.0,1.0,,9.6,,,
RAINBOW,False,12.3,8.5,32.6,32.2,28.0,60.9,-6.9,-9.0,-18.0,1.0,-0.321,11.7,,,
NAVINFLUOR,False,41.1,129.7,22.7,32.6,493.0,219.4,328.6,14.0,-70.0,1.0,0.028,6.6,,,
STAR,False,6.4,-81.8,17.6,19.0,-3006.0,51.7,70.3,-3189.0,60.0,1.0,,18.5,,,
TI,False,63.6,-90.9,17.8,17.9,-209.0,162.2,1.8,-224.0,-150.0,1.0,,-981.0,,,
RUBICON,False,36.6,64.6,19.9,22.8,126.0,93.7,50.3,-4.0,-13.0,-1.0,-0.032,2.5,,,
TRAVELFOOD,False,-2.4,18.1,32.8,39.4,91.0,-13.1,108.1,39.0,-42.0,-1.0,0.429,27.1,,Y,
TIMETECHNO,False,11.9,20.6,14.4,14.6,109.0,93.2,13.8,4.0,-1.0,-1.0,0.037,1.4,,,
CARTRADE,False,21.5,72.6,23.7,33.0,122.0,32.7,72.3,14.0,2.0,1.0,0.115,29.0,,Y,
RADICO,False,24.7,73.1,13.9,16.9,340.0,166.2,181.8,-4.0,-4.0,-0.0,-0.012,0.1,,,
BHARTIHEXA,False,9.4,25.3,49.1,52.3,457.0,395.7,297.3,-204.0,-32.0,-0.0,-0.446,8.4,,,
360ONE,True,18.4,17.1,64.9,62.1,230.0,440.0,-124.0,203.0,-287.0,-2.0,0.883,7.4,,,
LLOYDSENGG,False,53.8,44.0,16.0,14.5,62.0,72.6,-18.6,26.0,-17.0,-1.0,0.419,24.6,,,
CHENNPETRO,False,7.9,1571.5,1.7,7.5,3913.0,80.2,3660.8,51.0,122.0,-1.0,0.013,3.2,,,
SUNTV,False,8.0,-12.5,53.0,50.4,-278.0,169.7,-115.7,-147.0,-185.0,0.0,,25.4,,Y,
TIINDIA,False,17.4,12.0,9.6,10.0,199.0,324.9,84.1,-42.0,-168.0,0.0,-0.211,17.1,,,
GPPL,False,17.2,24.8,58.5,61.1,137.0,99.5,30.5,16.0,-10.0,1.0,0.117,16.5,,,Y
AZAD,False,31.9,50.8,35.2,37.3,63.0,51.4,12.6,35.0,-37.0,1.0,0.556,24.6,Y,,Y
AVANTIFEED,False,8.1,19.4,11.3,12.3,143.0,51.3,62.7,33.0,-3.0,-1.0,0.231,22.6,,,
TSFINV,True,562.6,88.9,74.8,23.9,104.0,652.6,-523.6,13.0,-37.0,-1.0,0.125,8.1,,,
ASTRAMICRO,False,10.7,27.9,25.6,28.7,57.0,28.7,36.3,-1.0,-8.0,1.0,-0.018,10.0,,,
LTFOODS,False,26.1,5.4,11.3,10.6,44.0,255.4,-75.4,-34.0,-102.0,-0.0,-0.773,9.6,,,
GRANULES,False,19.7,18.9,21.2,22.1,125.0,187.0,53.0,-34.0,-81.0,-0.0,-0.272,0.9,,,
ADANIPORTS,False,27.1,14.0,60.4,59.0,1819.0,4993.5,-546.5,352.0,-2979.0,-1.0,0.194,14.5,,,
MINDACORP,False,22.3,14.0,11.4,11.7,47.0,128.6,16.4,-18.0,-79.0,-1.0,-0.383,3.7,,,
GRWRHITECH,False,0.5,0.2,20.9,20.5,1.0,2.3,-8.3,11.0,-3.0,-1.0,11.0,14.6,Y,,
SUNPHARMA,False,11.2,9.9,28.7,28.2,1367.0,1691.4,-304.4,451.0,-471.0,0.0,0.33,12.5,,,
MANORAMA,False,77.3,111.0,24.1,26.4,162.0,143.8,31.2,-11.0,-3.0,1.0,-0.068,3.2,,,
FSL,False,19.7,14.7,15.6,16.8,109.0,245.7,115.3,-99.0,-153.0,-0.0,-0.908,-10.7,,,
PICCADIL,False,30.2,33.8,23.0,22.4,48.0,55.3,-5.3,1.0,-4.0,1.0,0.021,4.2,,,
CEMPRO,False,8.8,61.0,9.3,10.1,310.0,75.8,80.2,105.0,49.0,0.0,0.339,22.4,,,Y
THELEELA,False,17.4,378.4,45.7,48.5,386.0,103.4,41.6,-42.0,283.0,-0.0,-0.109,13.1,,,
MTARTECH,False,29.6,75.0,17.9,19.5,54.0,35.8,14.2,14.0,-10.0,0.0,0.259,15.1,,,Y
INDIAMART,False,13.0,-8.2,34.1,30.3,-58.0,61.8,-60.8,-68.0,9.0,0.0,,31.5,,Y,
ALKEM,False,13.5,13.6,19.4,20.4,344.0,338.5,154.5,-85.0,-64.0,0.0,-0.247,14.2,,,
JSWINFRA,False,19.8,3.9,50.5,48.6,70.0,447.2,-105.2,-87.0,-184.0,-1.0,-1.243,14.2,,,
SANSERA,False,15.9,48.5,17.1,18.1,141.0,82.4,32.6,24.0,2.0,0.0,0.17,10.2,,,
DRREDDY,False,3.2,-29.8,26.2,19.2,-2287.0,276.5,-2369.5,253.0,-446.0,-1.0,,25.4,,Y,
SUBROS,False,11.5,7.8,9.6,8.6,16.0,37.2,-36.2,10.0,4.0,1.0,0.625,13.6,Y,,
GALLANTT,False,2.9,6.3,16.2,16.2,36.0,20.4,1.6,44.0,-30.0,0.0,1.222,9.9,Y,,
PGEL,False,8.6,-31.0,9.9,7.3,-113.0,41.5,-138.5,20.0,-35.0,-1.0,,21.8,,,Y
ECLERX,False,22.3,30.0,24.0,25.5,216.0,180.5,61.5,14.0,-40.0,0.0,0.065,10.8,,,
ELECON,False,6.2,-15.5,24.6,22.1,-83.0,34.2,-59.2,-3.0,-55.0,0.0,,13.2,,,
V2RETAIL,False,62.8,119.4,13.8,15.4,117.0,163.3,48.7,19.0,-113.0,-1.0,0.162,11.6,,,
RELIGARE,True,14.5,-64.2,4.8,1.6,-156.0,51.8,-271.8,22.0,42.0,0.0,,39.1,,,
ANUP,False,12.1,-2.8,22.9,21.2,-4.0,20.4,-14.4,-3.0,-7.0,0.0,,1.4,,,
EXIDEIND,False,4.4,6.2,10.5,10.4,73.0,79.3,-8.3,-22.0,24.0,-0.0,-0.301,7.3,,,
METROPOLIS,False,23.7,35.6,23.1,24.4,68.0,72.9,20.1,2.0,-26.0,-1.0,0.029,6.6,,,
REFEX,False,0.8,41.1,9.1,15.9,85.0,1.6,154.4,-42.0,-29.0,0.0,-0.494,-4.5,,,
TEXRAIL,False,-14.3,-19.7,9.1,8.9,-68.0,-66.8,-10.2,-1.0,10.0,0.0,,20.6,,,
CELLO,False,8.8,-10.4,23.9,20.3,-51.0,44.9,-83.9,3.0,-17.0,2.0,,10.9,,,
AUROPHARMA,False,6.1,0.9,20.6,20.3,46.0,398.3,-103.3,-194.0,-56.0,1.0,-4.217,8.4,,,
SAFARI,False,15.5,16.1,12.7,13.2,30.0,34.9,11.1,-4.0,-12.0,0.0,-0.133,11.1,,,
SHAILY,False,25.9,87.4,22.5,28.3,104.0,45.9,57.1,6.0,-5.0,0.0,0.058,3.6,,,
BRITANNIA,False,6.7,12.4,17.7,18.3,362.0,214.0,124.0,22.0,2.0,0.0,0.061,6.8,,,
GOKEX,False,3.2,-21.1,9.6,8.9,-46.0,11.9,-26.9,24.0,-57.0,2.0,,44.8,,Y,Y
PATANJALI,False,17.6,-21.6,5.7,4.4,-372.0,344.3,-547.3,-153.0,-15.0,-1.0,,-1.6,,,
LGEINDIA,False,1.0,-22.4,12.8,9.8,-663.0,30.4,-737.4,64.0,-22.0,2.0,,14.3,,,
M&M,False,24.8,32.0,19.2,18.6,6105.0,7557.7,-1095.7,1400.0,-1756.0,-1.0,0.229,20.3,,,
JUSTDIAL,False,6.3,-7.2,29.3,29.5,-48.0,21.1,1.9,-74.0,4.0,-1.0,,50.8,,Y,
MRF,False,10.6,29.8,14.5,15.8,739.0,435.4,384.6,26.0,-106.0,-1.0,0.035,13.7,,,
POWERGRID,False,2.1,-24.6,84.8,75.0,-4747.0,798.1,-4563.1,-1109.0,126.0,1.0,,6.5,,,
PWL,False,35.1,,6.9,9.5,269.0,69.8,101.2,185.0,-88.0,1.0,0.688,1790.0,Y,Y,Y
AIAENG,False,3.1,16.4,26.9,28.4,224.0,35.8,66.2,142.0,-21.0,1.0,0.634,30.5,Y,Y,
BLUEJET,False,-8.1,-18.0,36.7,31.0,-73.0,-30.5,-53.5,23.0,-12.0,0.0,,20.7,,,Y
HEG,False,19.4,151.9,12.1,15.5,246.0,50.4,88.6,118.0,-10.0,-1.0,0.48,63.5,,Y,
JAIBALAJI,False,-1.0,-19.2,14.5,13.7,-185.0,-9.1,-52.9,-125.0,2.0,0.0,,8.7,,,
PARAS,False,30.7,40.5,27.4,25.2,34.0,30.7,-10.7,11.0,2.0,1.0,0.324,16.1,,,Y
BRIGADE,False,12.3,4.0,28.0,25.0,35.0,174.5,-168.5,-35.0,63.0,1.0,-1.0,21.9,,,
MARUTI,False,19.9,-2.6,13.2,11.7,-502.0,4021.0,-2789.0,-556.0,-1179.0,1.0,,24.3,,,
SURYAROSNI,False,1.4,-17.4,7.8,6.5,-81.0,8.1,-100.1,24.0,-14.0,1.0,,14.1,,,
KIRLOSENG,False,21.7,16.9,18.7,18.4,110.0,256.0,-23.0,-48.0,-76.0,1.0,-0.436,5.8,,,
IPCALAB,False,7.9,39.1,19.5,20.7,442.0,136.6,122.4,194.0,-11.0,0.0,0.439,5.1,,,
ROUTE,False,-3.7,-17.1,11.6,12.2,-73.0,-19.4,27.4,-110.0,28.0,1.0,,-23.2,,,
SHARDACROP,False,21.9,126.5,14.2,20.1,478.0,135.0,309.0,82.0,-50.0,2.0,0.172,16.6,,,Y
DEVYANI,False,13.3,-538.5,16.9,15.1,-70.0,111.8,-101.8,-9.0,-71.0,-0.0,,,,,
NSLNISP,False,60.4,,-21.0,11.1,3398.0,-1080.6,4386.6,14.0,76.0,2.0,0.004,113.2,,Y,
BORORENEW,False,5.4,,3.9,28.3,216.0,3.1,378.9,-222.0,58.0,-2.0,-1.028,-132.4,,,
TEGA,False,3.2,-22.4,20.8,13.7,-58.0,11.0,-121.0,40.0,11.0,1.0,,43.8,,Y,Y
TATASTEEL,False,6.2,89.8,11.6,14.8,7556.0,1574.0,7480.0,-139.0,-1360.0,1.0,-0.018,4.6,,,
TARIL,False,24.4,27.4,16.2,15.3,78.0,79.8,-23.8,26.0,-3.0,-1.0,0.333,16.8,,,Y
KIRLOSBROS,False,1.0,-19.1,13.6,12.0,-107.0,6.2,-70.2,-26.0,-16.0,-1.0,,8.4,,,
SAILIFE,False,29.3,104.4,24.2,28.8,238.0,120.2,100.8,6.0,11.0,-0.0,0.025,8.8,,,
MANKIND,False,17.0,-7.5,24.8,25.4,-188.0,513.4,85.6,-310.0,-477.0,0.0,,10.2,,,
COLPAL,False,-0.1,-7.6,32.4,31.0,-146.0,-1.6,-86.4,-75.0,17.0,0.0,,3.6,,,
3MINDIA,False,14.5,15.7,17.3,19.4,121.0,111.5,104.5,-56.0,-41.0,2.0,-0.463,1.6,,,
KAYNES,False,33.2,35.5,15.3,15.8,132.0,138.2,19.8,48.0,-73.0,-1.0,0.364,30.6,,Y,Y
COCHINSHIP,False,4.2,-11.2,18.6,16.1,-126.0,37.5,-121.5,21.0,-64.0,1.0,,41.0,,Y,
BALKRISIND,False,3.6,-24.8,23.5,21.3,-543.0,88.5,-246.5,-285.0,-99.0,-1.0,,15.3,,,
FINPIPE,False,-0.7,-22.8,11.5,16.5,-238.0,-3.3,206.3,-449.0,9.0,-1.0,,31.6,,Y,
KPRMILL,False,4.1,6.7,19.5,19.1,71.0,51.1,-30.1,60.0,-10.0,0.0,0.845,11.8,Y,,
JSWDULUX,False,-11.6,315.1,15.8,14.1,1796.0,-74.2,-58.8,1917.0,12.0,0.0,1.067,82.2,Y,Y,Y
PETRONET,False,-14.7,-2.1,10.8,12.3,-109.0,-811.4,621.4,92.0,-11.0,-0.0,,16.9,,,
TCS,False,4.6,0.2,26.4,27.1,156.0,3088.1,1902.9,-4086.0,-749.0,0.0,-26.192,-0.2,,,
BPCL,False,3.4,91.3,5.8,9.1,16609.0,862.9,14938.1,770.0,39.0,-1.0,0.046,12.6,,,
PARADEEP,False,57.9,76.6,9.2,9.9,576.0,736.3,144.7,11.0,-317.0,1.0,0.019,8.1,,,
ONGC,False,8.2,29.1,14.5,15.6,15225.0,7285.5,6973.5,1645.0,-679.0,0.0,0.108,22.1,,,
HCLTECH,False,11.2,-5.0,21.8,20.6,-1159.0,2851.8,-1603.8,-1911.0,-496.0,-0.0,,2.6,,,
GLAXO,False,1.9,11.6,31.4,34.2,146.0,23.0,107.0,17.0,-1.0,0.0,0.116,11.8,,,
APOLLOHOSP,False,15.8,30.5,13.9,14.9,622.0,477.9,258.1,-5.0,-110.0,1.0,-0.008,8.2,,,
MGL,False,13.5,-17.2,21.6,17.5,-235.0,212.1,-335.1,-47.0,-65.0,0.0,,10.6,,,
ASIANPAINT,False,4.9,17.6,17.7,18.8,900.0,297.2,396.8,378.0,-171.0,-1.0,0.42,12.1,,,
TORNTPHARM,False,21.4,7.4,32.3,32.6,199.0,796.2,40.8,-181.0,-457.0,-0.0,-0.91,-6.3,,,
ASTRAL,False,12.6,4.1,16.2,16.2,29.0,119.5,-3.5,-16.0,-72.0,1.0,-0.552,3.4,,,
SAPPHIRE,False,8.4,-260.9,16.6,15.2,-60.0,40.2,-43.2,-18.0,-39.0,-0.0,,,,,
BECTORFOOD,False,9.1,-2.6,13.4,12.6,-5.0,22.9,-16.9,2.0,-13.0,0.0,,16.6,,,
DIACABS,False,71.3,376.5,6.0,11.7,128.0,47.8,109.2,7.0,-37.0,1.0,0.055,4.9,,,
OFSS,False,12.0,11.1,44.9,45.3,369.0,370.6,30.4,-33.0,2.0,-1.0,-0.089,7.4,,,
JLHL,False,15.2,-0.4,23.3,22.9,-1.0,46.1,-6.1,12.0,-53.0,0.0,,14.2,,,
UNITDSPR,False,3.3,10.0,18.5,18.3,213.0,73.7,-30.7,245.0,-75.0,0.0,1.15,22.0,Y,,Y
SUDEEPPHRM,False,27.9,24.6,38.2,34.7,45.0,53.5,-22.5,19.0,-5.0,0.0,0.422,12.3,,,
HFCL,False,21.7,97.2,11.0,15.4,211.0,97.6,215.4,8.0,-108.0,-2.0,0.038,15.4,,,
NESCO,False,27.3,5.5,59.8,52.6,27.0,119.7,-67.7,-14.0,-12.0,1.0,-0.519,19.4,,,
BLUESTARCO,False,3.6,-10.4,7.3,7.5,-82.0,31.9,22.1,-62.0,-74.0,-0.0,,3.0,,,
KFINTECH,True,19.2,4.5,43.9,40.7,20.0,92.2,-41.2,-8.0,-22.0,-1.0,-0.4,6.4,,,
ADVENZYMES,False,17.1,24.6,30.8,30.8,46.0,33.5,0.5,13.0,-2.0,1.0,0.283,19.7,,,Y
NEWGEN,False,5.9,-3.7,25.3,25.8,-15.0,22.0,8.0,-40.0,-4.0,-1.0,,6.2,,,
RATNAMANI,False,-13.3,-4.3,15.9,16.9,-32.0,-110.0,44.0,52.0,-18.0,0.0,,15.9,,,
APOLLOTYRE,False,9.0,-15.4,13.8,14.6,-238.0,323.1,251.9,-820.0,6.0,1.0,,-68.8,,,
BOSCHLTD,False,10.8,33.3,12.8,13.2,910.0,248.8,91.2,595.0,-26.0,1.0,0.654,38.7,Y,Y,
BERGEPAINT,False,2.9,-5.1,16.1,15.4,-80.0,53.9,-76.9,-25.0,-33.0,1.0,,7.0,,,
HONAUT,False,11.7,0.4,14.1,13.1,3.0,69.3,-46.3,-17.0,-4.0,1.0,-5.667,23.3,,,
SAGILITY,False,29.1,63.0,23.5,24.5,479.0,380.8,72.2,18.0,8.0,0.0,0.038,5.2,,,
INOXWIND,False,23.6,22.3,21.3,20.3,120.0,178.8,-44.8,38.0,-53.0,1.0,0.317,26.1,,Y,Y
TITAN,False,44.9,50.0,9.4,9.5,2266.0,2555.0,108.0,-37.0,-360.0,0.0,-0.016,6.6,,,
RATEGAIN,False,69.4,-7.4,21.7,18.5,-20.0,162.3,-59.3,-49.0,-75.0,1.0,,10.7,,,
PHOENIXLTD,False,16.2,27.4,56.8,59.6,437.0,349.8,125.2,-21.0,-17.0,-0.0,-0.048,7.0,,,
ZAGGLE,False,46.3,56.8,8.7,9.7,67.0,52.8,18.2,15.0,-19.0,0.0,0.224,22.7,,,Y
BAJAJHLDNG,True,51.7,49.0,75.6,85.5,3309.0,289.0,111.0,2906.0,2.0,1.0,0.878,90.8,,,
VAIBHAVGBL,False,9.2,41.0,8.6,9.8,82.0,26.8,44.2,12.0,-1.0,-0.0,0.146,13.8,,,
TORNTPOWER,False,-0.7,2.0,18.2,19.3,64.0,-36.3,291.3,-186.0,-5.0,0.0,-2.906,8.7,,,
EDELWEISS,True,10.6,3.1,35.9,29.7,25.0,359.9,-651.9,268.0,48.0,1.0,10.72,45.0,,,
SMLMAH,False,18.3,32.1,9.8,9.8,52.0,43.0,-0.0,2.0,5.0,2.0,0.038,3.7,,,
IGL,False,8.3,-9.1,13.4,11.4,-198.0,165.6,-315.6,-16.0,-31.0,-1.0,,34.0,,Y,
MAHSEAMLES,False,-11.3,-6.1,17.2,14.3,-61.0,-102.5,-137.5,189.0,-9.0,-1.0,,41.0,,Y,Y
CHAMBLFERT,False,24.9,5.1,15.0,12.9,126.0,623.2,-446.2,-73.0,22.0,-0.0,-0.579,9.9,,,
SKFINDIA,False,-23.5,-43.3,15.1,11.9,-330.0,-175.2,-120.8,-39.0,6.0,-1.0,,14.5,,,
BIKAJI,False,14.2,30.7,12.6,13.7,81.0,46.8,34.2,15.0,-15.0,0.0,0.185,13.6,,,
IONEXCHANG,False,6.5,-31.6,10.9,7.2,-90.0,19.3,-106.3,22.0,-26.0,1.0,,36.4,,Y,
KIMS,False,28.7,-40.1,26.1,20.5,-224.0,227.3,-218.3,-25.0,-208.0,-0.0,,5.4,,,
HSCL,False,1.0,24.2,18.5,20.6,195.0,8.9,99.1,119.0,-32.0,-0.0,0.61,17.1,Y,,Y
FORTIS,False,17.3,35.7,20.4,22.8,359.0,274.4,222.6,56.0,-193.0,-1.0,0.156,3.3,,,
COHANCE,False,89.4,-39.8,31.3,18.8,-137.0,335.2,-283.2,-53.0,-135.0,-1.0,,2.4,,,
PIDILITIND,False,11.1,17.6,22.9,24.1,497.0,334.8,175.2,27.0,-41.0,1.0,0.054,7.5,,,
SKIPPER,False,20.1,41.2,9.8,10.3,82.0,91.4,26.6,-15.0,-20.0,-1.0,-0.183,2.1,,,
CONCORDBIO,False,-12.1,-30.3,42.2,34.9,-150.0,-61.1,-76.9,8.0,-20.0,0.0,,15.1,,,
HINDUNILVR,False,5.1,26.4,24.0,23.3,3800.0,752.5,-411.5,3568.0,-109.0,0.0,0.939,27.0,Y,Y,Y
CARBORUNIV,False,6.4,-39.7,14.7,11.1,-186.0,45.7,-183.7,-9.0,-40.0,1.0,,-11.3,,,
HAVELLS,False,3.4,11.1,10.0,9.9,220.0,74.9,-8.9,191.0,-39.0,2.0,0.868,21.7,Y,,
JYOTHYLAB,False,3.3,2.1,17.4,17.6,10.0,15.7,4.3,-3.0,-7.0,0.0,-0.3,10.4,,,
POWERMECH,False,15.8,13.6,11.5,11.6,67.0,95.2,4.8,1.0,-36.0,2.0,0.015,8.2,,,
WAKEFIT,False,16.9,,4.7,12.2,126.0,10.1,111.9,10.0,-6.0,0.0,0.079,46.2,,Y,
CIPLA,False,2.2,-23.4,25.9,20.9,-1597.0,159.1,-1404.1,-256.0,-96.0,0.0,,11.6,,,
IEX,True,14.7,14.3,84.5,84.4,81.0,66.8,-0.8,16.0,-1.0,0.0,0.198,23.4,,,
ULTRACEMCO,False,16.5,45.2,16.8,19.2,3399.0,2115.6,2091.4,42.0,-850.0,-0.0,0.012,4.0,,,
MAXHEALTH,False,19.1,19.2,26.3,26.8,270.0,353.9,40.1,32.0,-158.0,2.0,0.119,6.8,,,
OLECTRA,False,28.3,30.9,14.5,14.3,58.0,74.2,-6.2,8.0,-18.0,0.0,0.138,8.9,,,
TRENT,False,17.2,10.1,16.5,18.7,206.0,483.7,441.3,-220.0,-499.0,0.0,-1.068,3.8,,,
PERSISTENT,False,23.5,32.3,17.2,19.0,589.0,484.2,253.8,-47.0,-102.0,0.0,-0.08,3.8,,,
VMART,False,16.4,252.3,11.7,13.6,111.0,62.5,71.5,-20.0,-3.0,0.0,-0.18,9.0,,,
SOLARINDS,False,30.5,36.0,26.9,26.7,626.0,617.5,-21.5,118.0,-87.0,-1.0,0.188,5.4,,,
ICICIAMC,True,32.4,30.9,73.9,73.0,835.0,900.8,-42.8,-1.0,-22.0,0.0,-0.001,0.1,,,
MSTCLTD,False,19.0,-42.5,57.2,59.2,-216.0,33.8,7.2,-257.0,-1.0,1.0,,28.4,,Y,
CROMPTON,False,3.0,-110.4,11.5,10.2,-835.0,26.6,-100.6,-759.0,-3.0,1.0,,,,,
THOMASCOOK,False,3.2,-14.4,5.9,5.1,-55.0,15.2,-65.2,13.0,-18.0,0.0,,47.1,,Y,
PFIZER,False,10.5,-3.9,32.5,35.9,-40.0,77.7,84.3,-205.0,1.0,2.0,,14.2,,,
BHARATFORG,False,11.2,14.5,17.8,17.4,211.0,300.7,-75.7,-11.0,-3.0,-0.0,-0.052,2.6,,,
GMMPFAUDLR,False,10.2,6.2,11.3,11.4,6.0,36.7,5.3,-3.0,-34.0,1.0,-0.5,-19.6,,,
JKPAPER,False,5.3,-30.9,13.8,13.1,-163.0,49.5,-53.5,-65.0,-92.0,-2.0,,11.8,,,
LEMONTREE,False,12.3,21.3,49.3,47.8,63.0,77.9,-21.9,-38.0,44.0,1.0,-0.603,-7.0,,,
MANYAVAR,False,3.5,-4.6,46.4,43.8,-24.0,22.7,-37.7,9.0,-18.0,-0.0,,19.0,,,
AETHER,False,38.3,36.6,28.7,31.4,78.0,92.2,30.8,-18.0,-26.0,-1.0,-0.231,4.1,,,
EIDPARRY,False,21.9,-14.3,8.3,9.0,-352.0,576.8,240.2,-835.0,-333.0,-1.0,,-6.1,,,
EMAMILTD,False,-0.8,-5.4,26.6,25.4,-48.0,-7.7,-46.3,7.0,-1.0,0.0,,8.9,,,
ARVIND,False,11.7,20.7,10.7,10.8,102.0,104.7,4.3,-19.0,12.0,0.0,-0.186,7.7,,,
MASTEK,False,7.1,13.5,15.8,15.8,62.0,38.6,1.4,10.0,12.0,0.0,0.161,7.7,,,
BAJAJFINSV,True,13.2,13.2,37.3,37.9,3135.0,6551.1,1022.9,-364.0,-4075.0,-0.0,-0.116,-1.4,,,
ASAHIINDIA,False,8.6,-10.5,16.7,18.4,-54.0,66.0,86.0,-38.0,-169.0,1.0,,6.3,,,
BHEL,False,19.2,186.7,4.9,7.6,1393.0,268.7,904.3,345.0,-124.0,-1.0,0.248,40.6,,Y,
KSCL,False,16.1,3.0,24.2,24.2,9.0,46.7,-0.7,-17.0,-20.0,0.0,-1.889,9.5,,,
MEDANTA,False,19.4,10.5,24.0,20.8,68.0,172.3,-139.3,69.0,-34.0,-0.0,1.015,13.7,Y,,
JYOTICNC,False,15.1,11.7,27.0,25.2,49.0,74.3,-38.3,55.0,-42.0,-0.0,1.122,12.8,Y,,
IXIGO,False,34.4,8.5,7.9,5.0,7.0,24.7,-34.7,22.0,-6.0,1.0,3.143,50.6,Y,Y,
COROMANDEL,False,30.7,-4.1,10.7,10.3,-111.0,791.2,-136.2,-441.0,-325.0,-0.0,,10.0,,,
TRIVENI,False,10.6,12.3,8.4,8.7,40.0,50.6,16.4,8.0,-35.0,0.0,0.2,17.0,,,
TATAELXSI,False,0.8,-19.7,26.1,22.6,-203.0,7.3,-133.3,-91.0,13.0,1.0,,10.7,,,
SCI,False,3.1,67.0,31.5,37.8,571.0,54.8,365.2,250.0,-99.0,0.0,0.438,33.4,,Y,Y
PAGEIND,False,6.3,4.7,21.5,22.0,46.0,67.2,22.8,-33.0,-12.0,1.0,-0.717,2.8,,,
HONASA,False,15.7,185.6,3.3,9.9,167.0,10.8,156.2,0.0,1.0,-1.0,0.0,30.7,,Y,
STYRENIX,False,15.3,-26.6,11.8,10.0,-81.0,53.8,-62.8,2.0,-74.0,-0.0,,6.3,,,
BLUEDART,False,7.4,-5.8,15.3,15.5,-20.0,64.5,10.5,-40.0,-55.0,-0.0,,-0.6,,,
SYNGENE,False,2.7,-37.7,28.7,24.6,-249.0,27.8,-151.8,-110.0,-16.0,1.0,,-2.2,,,
PTCIL,False,95.8,62.8,24.4,21.9,49.0,71.8,-14.8,8.0,-16.0,0.0,0.163,32.3,,Y,Y
PRIVISCL,False,22.0,72.5,21.8,25.4,185.0,100.9,92.1,-1.0,-7.0,-0.0,-0.005,4.3,,,
GLENMARK,False,27.5,41.9,17.6,26.9,586.0,646.1,1574.9,-1546.0,-89.0,0.0,-2.638,-90.9,,,
POLYMED,False,12.3,-5.7,27.3,23.6,-26.0,56.2,-69.2,25.0,-37.0,-1.0,,27.9,,Y,
MIDHANI,False,12.6,17.8,20.4,19.7,28.0,27.5,-8.5,7.0,2.0,0.0,0.25,21.1,,,
KAJARIACER,False,4.2,56.0,13.7,17.9,244.0,26.8,202.2,21.0,-7.0,1.0,0.086,1.0,,,
LTTS,False,14.0,0.8,18.6,17.6,13.0,251.4,-106.4,-83.0,-50.0,1.0,-6.385,11.6,,,
STARHEALTH,True,10.7,-12.4,5.7,4.2,-107.0,98.6,-274.6,-2.0,71.0,-0.0,,1.2,,,
GRAPHITE,False,11.4,-58.7,9.9,7.1,-347.0,28.9,-79.9,-276.0,-19.0,-1.0,,66.4,,Y,
AURIONPRO,False,20.3,12.0,20.6,20.0,27.0,49.1,-9.1,0.0,-12.0,-1.0,0.0,7.9,,,
DABUR,False,5.0,7.2,18.4,18.6,162.0,116.1,17.9,34.0,-4.0,-2.0,0.21,24.2,,,
IOC,False,3.5,236.8,4.8,9.8,40409.0,1250.8,39768.2,27.0,-636.0,-1.0,0.001,12.4,,,
GMDCLTD,False,-6.9,41.7,22.3,16.7,373.0,-44.2,-149.8,592.0,-25.0,0.0,1.587,74.7,Y,Y,Y
SAREGAMA,False,-15.9,2.9,23.7,34.2,8.0,-44.0,104.0,-29.0,-23.0,0.0,-3.625,12.0,,,
VMM,False,20.4,32.5,14.6,14.6,276.0,319.6,0.4,30.0,-74.0,0.0,0.109,7.6,,,
MEDPLUS,False,12.3,50.3,8.0,8.8,92.0,60.1,58.9,23.0,-50.0,0.0,0.25,25.8,,Y,
DATAMATICS,False,15.3,4.4,13.5,18.7,11.0,35.5,104.5,-87.0,-43.0,1.0,-7.909,-3.5,,,
AGARWALEYE,False,21.6,55.6,27.1,27.4,89.0,99.9,7.1,3.0,-20.0,-1.0,0.034,18.5,,,
DELHIVERY,False,17.6,-10.8,4.2,6.1,-17.0,66.3,197.7,-102.0,-178.0,-1.0,,242.9,,Y,
ENTERO,False,29.3,28.8,3.4,4.0,40.0,50.5,43.5,-28.0,-24.0,-2.0,-0.7,6.1,,,
LLOYDSENT,False,18.0,187.7,7.9,6.7,306.0,21.3,-22.3,339.0,-33.0,1.0,1.108,90.0,Y,Y,Y
SUNTECK,False,31.8,46.4,21.8,27.1,85.0,59.1,59.9,-6.0,-27.0,-1.0,-0.071,16.8,,,
NTPC,False,-0.4,-23.4,28.9,28.2,-7529.0,-217.5,-1315.5,-3248.0,-2747.0,-1.0,,21.4,,,
GICRE,True,6.8,25.7,17.7,19.0,2342.0,597.3,697.7,1067.0,-21.0,1.0,0.456,12.2,,,
CENTURYPLY,False,19.2,28.9,10.8,12.0,80.0,93.5,69.5,7.0,-89.0,-1.0,0.087,0.8,,,
SRF,False,7.4,35.1,18.5,21.6,598.0,202.4,489.6,-111.0,18.0,-1.0,-0.186,1.0,,,
ADANIENSOL,False,16.1,189.8,29.7,29.0,2040.0,1136.2,-198.2,1548.0,-446.0,0.0,0.759,23.1,Y,,
ATGL,False,17.9,0.8,22.7,20.3,7.0,203.3,-145.3,18.0,-67.0,-2.0,2.571,6.8,Y,,
APLLTD,False,10.1,-1.8,15.1,15.3,-13.0,101.7,11.3,-70.0,-55.0,-1.0,,-2.0,,,
ZYDUSWELL,False,46.2,-35.9,14.0,12.9,-129.0,175.6,-45.6,-54.0,-205.0,0.0,,-14.8,,,
LAURUSLABS,False,22.7,144.2,19.0,26.2,698.0,239.2,490.8,-28.0,-5.0,1.0,-0.04,4.0,,,
DEEPAKNTR,False,-4.8,-20.6,13.2,12.5,-196.0,-52.2,-55.8,-40.0,-48.0,0.0,,5.8,,,
DYNAMATECH,False,15.5,-9.1,11.4,11.3,-5.0,24.7,-1.7,-21.0,-7.0,-0.0,,4.0,,,
ZENSARTECH,False,7.7,19.1,15.5,16.1,164.0,62.8,36.2,49.0,16.0,0.0,0.299,20.5,,,
BAYERCROP,False,3.7,20.9,12.6,15.4,148.0,25.5,157.5,-23.0,-12.0,-0.0,-0.155,11.1,,,
DMART,False,15.9,11.1,7.6,7.5,409.0,716.6,-24.6,-43.0,-240.0,-0.0,-0.105,1.8,,,
KRBL,False,9.0,36.4,12.0,14.8,233.0,60.7,167.3,9.0,-3.0,-1.0,0.039,8.0,,,
ICICIGI,True,12.7,10.2,14.2,13.8,338.0,431.3,-107.3,54.0,-41.0,1.0,0.16,2.5,,,
TATATECH,False,6.5,-16.9,18.1,15.5,-156.0,61.1,-142.1,-37.0,-38.0,0.0,,11.9,,,
WABAG,False,19.7,27.3,12.8,12.1,105.0,83.3,-28.3,43.0,6.0,1.0,0.41,18.4,,,Y
PIRAMALFIN,True,14.7,114.4,55.6,59.7,738.0,849.3,485.7,1190.0,-1786.0,-1.0,1.612,113.0,,,
SUDARSCHEM,False,192.5,58.6,11.4,6.0,58.0,737.3,-530.3,146.0,-295.0,0.0,2.517,50.3,Y,Y,Y
AMBER,False,22.2,-9.2,7.4,7.1,-34.0,163.3,-37.3,10.0,-170.0,-0.0,,24.1,,,
VGUARD,False,7.0,-1.4,9.2,8.8,-6.0,35.8,-22.8,-19.0,1.0,-1.0,,0.2,,,
AFFLE,False,19.5,19.4,21.3,22.5,91.0,94.4,32.6,-16.0,-19.0,-1.0,-0.176,14.0,,,
AHLUCONT,False,11.4,31.5,8.3,9.5,86.0,38.9,54.1,17.0,-23.0,-1.0,0.198,20.3,,,
VARROC,False,9.0,101.8,9.5,9.3,172.0,70.0,-15.0,90.0,27.0,0.0,0.523,-6.5,Y,,
ETHOSLTD,False,28.8,0.8,15.7,12.6,1.0,56.6,-50.6,20.0,-26.0,1.0,20.0,33.6,Y,Y,
GAEL,False,24.2,18.5,8.7,8.1,63.0,97.0,-32.0,21.0,-23.0,0.0,0.333,25.5,,Y,
ARVINDFASN,False,14.0,16.5,13.3,13.4,37.0,86.1,2.9,-17.0,-34.0,-1.0,-0.459,6.1,,,
BALAMINES,False,2.2,8.9,16.7,18.7,19.0,5.0,28.0,-4.0,-9.0,-1.0,-0.211,12.5,,,
TRIDENT,False,-4.1,9.5,12.8,13.0,45.0,-36.7,9.7,7.0,65.0,-0.0,0.156,15.8,,,
JKCEMENT,False,15.5,16.3,17.1,17.3,202.0,315.6,29.4,-127.0,-17.0,1.0,-0.629,9.8,,,
ZEEL,False,-2.4,-70.2,14.6,4.9,-644.0,-28.5,-784.5,120.0,49.0,-0.0,,50.0,,Y,
AEGISVOPAK,False,17.0,53.2,72.9,74.4,141.0,97.7,14.3,5.0,23.0,1.0,0.035,9.1,,,
NIVABUPA,True,24.6,-40.7,1.5,1.9,-87.0,19.2,27.8,-158.0,25.0,-1.0,,1.6,,,
ORIENTCEM,False,3.1,119.3,11.1,19.5,173.0,9.4,234.6,-4.0,-68.0,1.0,-0.023,5.0,,,
MRPL,False,-6.4,3273.9,2.4,7.0,3896.0,-146.5,4075.5,32.0,-64.0,-1.0,0.008,5.2,,,
VTL,False,0.9,-18.2,12.9,12.6,-213.0,10.8,-34.8,-110.0,-79.0,-0.0,,28.7,,Y,
THERMAX,False,3.7,14.0,8.8,9.6,124.0,33.9,94.1,67.0,-71.0,-0.0,0.54,31.4,Y,Y,
GREAVESCOT,False,17.8,59.7,4.7,7.0,43.0,24.4,77.6,-46.0,-16.0,3.0,-1.07,8.7,,,
ICIL,False,-0.2,-50.3,12.9,9.5,-168.0,-1.3,-141.7,32.0,-55.0,-2.0,,42.2,,Y,
GODREJAGRO,False,9.1,10.5,8.7,8.4,58.0,74.4,-31.4,23.0,-8.0,0.0,0.397,19.0,,,
INDIAGLYCO,False,11.8,29.1,13.8,15.4,85.0,61.3,66.7,0.0,-43.0,-0.0,0.0,13.5,,,
JBMA,False,11.3,13.6,11.7,11.1,37.0,72.3,-41.3,77.0,-70.0,-1.0,2.081,41.6,Y,Y,Y
CERA,False,2.5,-2.5,16.2,15.7,-8.0,7.6,-9.6,-1.0,-5.0,-0.0,,18.3,,,Y
STARCEMENT,False,19.4,135.4,18.3,24.8,306.0,112.2,244.8,-2.0,-47.0,-2.0,-0.007,1.5,,,
TMPV,False,-8.3,121.4,13.1,5.6,45190.0,-4000.0,-25274.0,72072.0,2392.0,0.0,1.595,104.7,Y,Y,Y
NBCC,False,7.1,31.3,5.2,4.8,236.0,44.4,-56.4,250.0,-1.0,-1.0,1.059,39.2,Y,Y,Y
SHILPAMED,False,20.1,141.8,24.7,28.3,173.0,63.6,55.4,44.0,10.0,0.0,0.254,13.2,,,
MOIL,False,-6.9,-30.6,33.4,28.2,-149.0,-36.4,-76.6,-18.0,-18.0,-0.0,,27.5,,Y,
LT,False,11.8,10.2,13.5,12.4,2397.0,4057.5,-3073.5,1788.0,-375.0,-0.0,0.746,19.2,Y,,
BALRAMCHIN,False,15.8,-0.4,13.1,11.8,-2.0,112.4,-82.4,-45.0,12.0,1.0,,13.0,,,
AEGISLOG,False,23.2,44.9,16.2,17.4,444.0,254.7,99.3,118.0,-28.0,0.0,0.266,22.7,,,
DEEPAKFERT,False,12.0,-15.1,18.7,14.6,-179.0,230.8,-471.8,22.0,39.0,1.0,,10.2,,,
WELSPUNLIV,False,-10.9,-66.6,12.3,8.4,-573.0,-141.2,-364.8,-102.0,35.0,0.0,,17.4,,,
LTM,False,11.3,9.3,17.1,17.9,577.0,734.8,325.2,-424.0,-59.0,-0.0,-0.735,8.3,,,
OIL,False,7.1,1.5,35.2,30.8,146.0,789.4,-1501.4,1387.0,-529.0,0.0,9.5,31.9,Y,Y,Y
LENSKART,False,32.5,76.6,14.7,19.8,295.0,317.3,454.7,-192.0,-282.0,-3.0,-0.651,23.4,,,
CLEAN,False,-1.0,-13.2,40.1,37.1,-47.0,-4.0,-29.0,-6.0,-8.0,-0.0,,10.6,,,
ATUL,False,12.4,30.1,16.4,16.5,208.0,113.6,2.4,91.0,2.0,-1.0,0.438,22.9,,,Y
ONESOURCE,False,-1.6,,32.3,21.4,-24.0,-7.4,-155.6,99.0,39.0,1.0,,,,,
GHCL,False,-3.7,-23.2,27.6,22.5,-194.0,-32.8,-154.2,-15.0,8.0,0.0,,11.4,,,
ETERNAL,False,168.6,-11.8,3.2,2.2,-82.0,1092.2,-532.2,330.0,-972.0,0.0,,227.0,,Y,
CAMPUS,False,11.4,23.2,15.3,16.5,38.0,27.7,20.3,8.0,-18.0,-0.0,0.211,11.4,,,
SWSOLAR,False,19.8,-265.6,4.2,4.2,-433.0,52.2,-2.2,-448.0,-35.0,0.0,,,,,
ACC,False,19.3,-31.0,14.1,11.4,-970.0,590.8,-693.8,-746.0,-121.0,0.0,,19.9,,,
PCJEWELLER,False,49.4,57.4,17.6,20.0,260.0,195.7,79.3,70.0,-84.0,-1.0,0.269,27.5,,Y,
BSOFT,False,-1.2,13.3,13.0,16.3,93.0,-8.4,176.4,-84.0,9.0,0.0,-0.903,3.0,,,
OPTIEMUS,False,-6.4,18.2,5.7,5.5,14.0,-6.9,-3.1,19.0,5.0,-0.0,1.357,44.0,Y,Y,
BLACKBUCK,False,52.7,,21.8,25.6,420.0,49.0,25.0,367.0,-20.0,-1.0,0.874,35.3,Y,Y,
AARTIIND,False,14.0,18.9,13.8,14.1,58.0,139.6,27.4,-4.0,-105.0,0.0,-0.069,3.3,,,
AKUMS,False,5.9,10.7,11.3,12.0,37.0,27.2,29.8,39.0,-61.0,2.0,1.054,28.3,Y,Y,Y
HINDPETRO,False,1.8,162.6,3.8,6.9,14638.0,290.4,13894.6,1677.0,-1224.0,0.0,0.115,15.9,,,
DLF,False,2.5,29.7,26.4,17.7,671.0,52.8,-712.8,1125.0,207.0,-1.0,1.677,62.2,Y,Y,Y
BIOCON,False,10.9,-76.3,21.3,20.5,-1439.0,355.0,-138.0,-1293.0,-363.0,0.0,,-17.0,,,
INDIGOPNTS,False,4.8,4.2,17.4,18.1,8.0,11.1,10.9,-11.0,0.0,-3.0,-1.375,3.5,,,
JINDALSTEL,False,6.2,1.6,18.9,18.1,69.0,586.0,-430.0,522.0,-608.0,-1.0,7.565,-12.3,Y,,
HAPPSTMNDS,False,12.3,11.4,17.2,17.4,29.0,43.6,5.4,-23.0,3.0,-0.0,-0.793,23.2,,,
ZFCVINDIA,False,7.5,13.8,16.5,16.0,84.0,47.5,-22.5,65.0,-7.0,1.0,0.774,25.0,Y,,
PRESTIGE,False,72.6,126.7,34.2,29.1,958.0,1826.8,-650.8,124.0,-342.0,0.0,0.129,29.8,,Y,
SUMICHEM,False,2.8,7.1,20.1,20.7,48.0,17.9,20.1,11.0,-1.0,0.0,0.229,18.0,,,
AARTIDRUGS,False,7.5,-0.5,12.1,12.0,-1.0,21.6,-2.6,-14.0,-6.0,0.0,,0.9,,,
HERITGFOOD,False,9.5,-22.1,7.9,5.9,-57.0,30.8,-90.8,15.0,-12.0,-0.0,,16.9,,,Y
PRAJIND,False,-1.9,-83.3,9.8,4.8,-249.0,-5.9,-157.1,-65.0,-21.0,0.0,,48.0,,Y,
POLICYBZR,True,36.5,82.2,1.9,7.5,319.0,34.3,379.7,-77.0,-18.0,0.0,-0.241,52.6,,,
PVRINOX,False,15.0,,26.7,31.5,758.0,231.0,322.0,119.0,87.0,-1.0,0.157,76.0,,Y,
JMFINANCIL,True,-4.2,58.5,52.7,62.5,583.0,-98.5,416.5,-26.0,292.0,-1.0,-0.045,1.1,,,
MAPMYINDIA,False,2.4,-8.3,38.0,35.7,-17.0,4.2,-11.2,0.0,-9.0,-1.0,,27.5,,Y,
MFSL,True,2.6,-72.9,1.0,0.4,-326.0,12.3,-276.3,2.0,-64.0,0.0,,19.0,,,
TATACONSUM,False,15.2,22.3,14.1,13.8,396.0,376.0,-63.0,-43.0,127.0,-1.0,-0.109,6.7,,,
DIVISLAB,False,12.8,16.2,31.8,32.6,472.0,381.2,87.8,85.0,-82.0,0.0,0.18,12.8,,,
BBOX,False,5.9,12.7,9.0,8.8,27.0,32.0,-13.0,24.0,-16.0,-0.0,0.889,-18.4,Y,,
RKFORGE,False,5.1,-63.6,13.9,14.7,-147.0,28.4,35.6,-107.0,-105.0,1.0,,2.4,,,
LATENTVIEW,False,25.0,14.0,23.1,22.4,32.0,49.0,-8.0,7.0,-15.0,-1.0,0.219,29.1,,Y,
CONCOR,False,2.2,-5.8,21.7,21.5,-100.0,41.7,-21.7,-82.0,-39.0,1.0,,22.5,,,
EMIL,False,3.1,-33.5,6.5,6.1,-72.0,14.1,-27.1,7.0,-65.0,-1.0,,10.5,,,
AMBUJACEM,False,15.1,-46.0,16.9,16.2,-2805.0,899.0,-293.0,-2130.0,-1281.0,0.0,,15.6,,,
GRASIM,False,18.2,33.7,19.0,20.7,3648.0,5130.4,2903.6,-470.0,-3916.0,0.0,-0.129,7.2,,,
SHREECEM,False,8.6,74.8,20.4,22.1,981.0,338.7,365.3,72.0,206.0,-1.0,0.073,28.8,,Y,
WELENT,False,0.9,8.6,14.5,20.6,42.0,4.5,221.5,-144.0,-40.0,0.0,-3.429,6.6,,,
SAMHI,False,10.4,337.7,35.9,34.5,206.0,42.4,-17.4,133.0,48.0,0.0,0.646,49.8,Y,Y,
AXISCADES,False,12.4,29.5,14.0,15.3,26.0,17.9,15.1,-4.0,-1.0,-2.0,-0.154,10.5,,,
ALKYLAMINE,False,-2.3,-2.4,18.5,18.6,-6.0,-6.7,0.7,2.0,-1.0,-1.0,,13.2,,,
TATACOMM,False,7.3,-38.8,19.8,19.4,-885.0,334.9,-81.9,-871.0,-268.0,1.0,,11.6,,,
ADANIGREEN,False,15.3,-9.7,79.3,83.4,-214.0,1360.5,535.5,-244.0,-1866.0,-0.0,,53.6,,Y,
WEWORK,False,25.2,,63.6,64.5,208.0,312.1,22.9,20.0,-146.0,-1.0,0.096,90.6,,Y,
SMARTWORKS,False,30.7,,62.4,64.3,93.0,263.2,34.8,18.0,-223.0,-0.0,0.194,385.7,,Y,
ATHERENERG,False,62.8,,-25.8,-11.1,295.0,-365.1,538.1,96.0,27.0,-1.0,0.325,,,,
NAZARA,False,12.6,-9.1,7.1,-1.6,-6.0,14.5,-158.5,263.0,-124.0,-1.0,,571.7,,Y,Y
INDIGO,False,5.1,-125.8,22.4,14.1,-9553.0,931.7,-7050.7,-540.0,-2895.0,1.0,,,,,
ASHOKLEY,False,16.1,12.2,19.0,19.1,559.0,1484.9,52.1,-153.0,-826.0,1.0,-0.274,4.9,,,
IDEA,False,3.0,,41.4,42.3,61916.0,539.3,414.7,58048.0,2913.0,1.0,0.938,171.2,Y,Y,Y
ACMESOLAR,False,44.0,100.3,88.0,88.0,339.0,544.1,-0.1,339.0,-545.0,1.0,1.0,71.8,Y,Y,Y
URBANCO,False,36.0,-703.4,-3.5,-16.3,-204.0,-14.4,-199.6,21.0,-9.0,-2.0,,,,,
RBA,False,10.7,,10.5,11.6,29.0,28.6,31.4,15.0,-46.0,-0.0,0.517,,Y,,
AEQUS,False,33.0,,8.5,7.2,23.0,26.0,-16.0,75.0,-63.0,1.0,3.261,,Y,,
SWIGGY,False,51.4,,-18.3,-14.0,-1037.0,-1432.9,985.9,114.0,-704.0,0.0,,,,,
GMRAIRPORT,False,42.2,,36.2,38.9,1221.0,1592.4,389.6,-681.0,-81.0,1.0,-0.558,89.4,,Y,
PFOCUS,False,29.9,,21.9,30.4,745.0,235.5,400.5,237.0,-130.0,2.0,0.318,24.9,,,
TVSMOTOR,False,27.2,36.4,14.9,14.9,1287.0,1790.3,-26.3,-114.0,-364.0,1.0,-0.089,-0.6,,,
MEESHO,False,34.5,,-6.2,-11.8,246.0,-199.2,-707.8,1167.0,-15.0,1.0,4.744,,Y,,
JSWENERGY,False,60.9,-10.3,44.5,53.3,-228.0,3181.1,1665.9,4.0,-5077.0,-2.0,,46.3,,Y,
GODIGIT,True,6.8,48.7,1.3,1.8,207.0,8.1,51.9,147.0,-1.0,1.0,0.71,74.7,,,
SFL,False,11.1,76.7,7.3,10.3,79.0,28.0,115.0,-94.0,30.0,0.0,-1.19,33.0,,Y,
UTIAMC,True,-7.9,-38.0,59.5,47.9,-400.0,-86.9,-199.1,-109.0,-5.0,0.0,,-15.3,,,
JUBLFOOD,False,16.8,103.7,19.4,19.8,305.0,266.4,39.6,64.0,-65.0,0.0,0.21,17.7,,,Y
MPHASIS,False,11.6,11.0,18.6,18.8,249.0,306.9,24.1,35.0,-117.0,0.0,0.141,11.6,,,
TECHM,False,7.2,16.3,13.1,15.9,920.0,503.0,1566.0,-1104.0,-44.0,-1.0,-1.2,-3.7,,,
TECHNOE,False,43.3,14.3,14.9,14.2,75.0,146.9,-23.9,-30.0,-17.0,-1.0,-0.4,29.2,,Y,
CESC,False,9.2,18.9,16.8,18.6,337.0,262.9,335.1,-358.0,96.0,1.0,-1.062,59.5,,Y,
TVSSCS,False,10.1,479.3,6.7,7.1,139.0,67.8,37.2,63.0,-27.0,-2.0,0.453,75.0,,Y,Y
TATACHEM,False,-2.0,-363.4,13.1,12.4,-2013.0,-39.8,-108.2,-1760.0,-105.0,0.0,,,,,
RPOWER,False,0.5,-104.8,28.2,31.0,-3193.0,10.5,210.5,-3884.0,471.0,-1.0,,,,,
NIACL,True,14.3,20.6,2.3,0.9,211.0,141.2,-704.2,804.0,-30.0,0.0,3.81,72.0,,,
JWL,False,-26.4,-50.6,14.3,12.1,-251.0,-149.5,-62.5,-16.0,-23.0,0.0,,11.4,,,
GNFC,False,-1.5,34.8,7.8,11.3,275.0,-9.3,273.3,-2.0,13.0,0.0,-0.007,46.9,,Y,
ELLEN,False,9.6,25.0,35.3,33.9,27.0,10.6,-4.6,14.0,8.0,-1.0,0.519,37.0,Y,Y,Y
TITAGARH,False,-17.6,-49.2,10.6,10.4,-188.0,-72.1,-5.9,-90.0,-19.0,-1.0,,-7.7,,,
BATAINDIA,False,0.8,-57.3,21.5,20.6,-244.0,5.8,-30.8,-164.0,-55.0,0.0,,13.2,,,
JUBLPHARMA,False,14.5,-37.4,16.2,15.2,-367.0,169.6,-82.6,-409.0,-43.0,-2.0,,1.1,,,
JSWCEMENT,False,12.4,,10.7,19.1,-737.0,76.4,548.6,-1423.0,60.0,1.0,,,,,
JIOFIN,True,72.0,-1.8,75.8,65.6,-35.0,1114.6,-358.6,-47.0,-743.0,-1.0,,19.9,,,
RITES,False,8.9,7.6,24.5,22.9,43.0,48.2,-37.2,5.0,26.0,1.0,0.116,20.2,,,
PCBL,False,-2.6,-54.8,15.9,12.7,-316.0,-34.2,-259.8,-33.0,11.0,-0.0,,5.4,,,
ASHOKA,False,-25.1,101.4,29.1,25.0,1577.0,-732.3,-309.7,2157.0,462.0,0.0,1.368,74.3,Y,Y,Y
KNRCON,False,-43.2,-59.9,33.9,26.4,-755.0,-696.1,-202.9,-107.0,251.0,0.0,,12.9,,,
ANURAS,False,64.6,28.3,27.9,22.2,56.0,259.0,-135.0,7.0,-75.0,0.0,0.125,7.1,,,
SBILIFE,True,-3.9,0.1,2.4,0.7,4.0,-108.6,-1918.4,1948.0,84.0,-1.0,487.0,72.2,,,
HGINFRA,False,3.5,-33.2,20.9,19.3,-226.0,37.5,-83.5,47.0,-228.0,1.0,,17.4,,,Y
PIIND,False,-15.8,-20.8,27.7,25.3,-446.0,-349.5,-156.5,75.0,-15.0,0.0,,24.8,,,
BIRLACORPN,False,4.8,103.4,13.3,15.1,391.0,58.6,175.4,54.0,103.0,-0.0,0.138,14.3,,,
NHPC,False,11.9,-18.3,52.2,45.1,-873.0,645.2,-832.2,331.0,-1017.0,-0.0,,52.8,,Y,
ABDL,False,11.4,32.0,12.2,13.8,85.0,49.3,61.7,2.0,-27.0,-1.0,0.024,6.6,,,
QUESS,False,2.3,447.6,1.8,2.0,188.0,5.9,43.1,149.0,-11.0,1.0,0.793,3.5,Y,,
PURVA,False,85.7,,14.4,18.5,289.0,249.4,150.6,21.0,-131.0,-1.0,0.073,139.0,,Y,
TTML,False,-11.3,,43.7,53.2,1060.0,-64.6,110.6,654.0,359.0,1.0,0.617,,Y,,
GODREJIND,False,13.1,44.2,10.7,10.1,1040.0,276.2,-138.2,1487.0,-584.0,-1.0,1.43,121.5,Y,Y,Y
GODREJPROP,False,4.2,48.1,-1.5,-8.8,828.0,-3.1,-375.9,1212.0,-5.0,0.0,1.464,127.6,Y,Y,Y
GMRP&UI,False,15.6,-49.2,24.2,21.9,-783.0,238.9,-168.9,-700.0,-154.0,1.0,,189.1,,Y,
AWFIS,False,23.6,4.3,33.7,36.8,3.0,96.0,47.0,19.0,-158.0,-1.0,6.333,129.2,Y,Y,Y
CANHLIFE,True,7.9,10.2,1.2,0.6,13.0,10.3,-73.3,54.0,22.0,0.0,4.154,51.8,,,
JPPOWER,False,1.8,-38.6,34.0,24.6,-469.0,34.3,-522.3,-17.0,36.0,0.0,,30.5,,Y,
MMTC,False,0.0,460.5,-13800.0,-18400.0,525.0,-0.0,-46.0,565.0,5.0,1.0,1.076,129.6,Y,Y,Y
IFBIND,False,10.3,17.8,5.6,5.7,29.0,29.7,4.3,-16.0,12.0,-1.0,-0.552,9.9,,,
RTNINDIA,False,9.7,-207.2,3.7,-1.1,-315.0,24.5,-360.5,-2.0,22.0,1.0,,,,,
JKLAKSHMI,False,9.2,41.9,14.0,14.8,165.0,79.5,56.5,82.0,-55.0,2.0,0.497,16.6,,,
TATAINVEST,True,31.7,28.8,87.3,89.6,106.0,84.6,9.4,15.0,-3.0,0.0,0.142,24.9,,,
PINELABS,True,19.2,,9.6,13.2,273.0,41.9,98.1,117.0,17.0,-1.0,0.429,97.1,,,
ORKLAINDIA,False,4.8,7.6,16.5,16.7,27.0,18.8,3.2,-2.0,8.0,-1.0,-0.074,6.5,,,
HDFCLIFE,True,2.6,59.5,1.1,1.8,767.0,26.6,698.4,99.0,-57.0,0.0,0.129,22.6,,,
MAHSCOOTER,True,70.1,43.7,94.0,98.7,94.0,121.3,14.7,-44.0,2.0,0.0,-0.468,0.0,,,
NTPCGREEN,False,29.3,4.6,86.9,86.6,30.0,563.0,-8.0,-60.0,-465.0,0.0,-2.0,28.8,,Y,Y
DCMSHRIRAM,False,12.1,9.1,11.0,11.1,83.0,160.9,6.1,31.0,-115.0,0.0,0.373,17.4,,,
JUBLINGREA,False,5.0,7.6,12.4,12.9,26.0,26.1,21.9,-11.0,-10.0,-1.0,-0.423,7.3,,,
FLUOROCHEM,False,5.5,13.2,23.2,25.8,94.0,60.1,129.9,-93.0,-3.0,0.0,-0.989,2.7,,,
RCF,False,9.1,85.7,4.0,5.1,281.0,62.2,194.8,87.0,-63.0,0.0,0.31,42.0,,Y,
NUVOCO,False,9.5,1940.7,13.3,16.4,524.0,130.0,354.0,-43.0,83.0,0.0,-0.082,-4.4,,,
WIPRO,False,4.0,-0.9,20.2,19.2,-154.0,715.3,-925.3,-10.0,66.0,0.0,,22.5,,,
ITCHOTELS,False,16.3,27.0,35.2,35.8,239.0,203.8,23.2,38.0,-26.0,0.0,0.159,10.2,,,
PPLPHARMA,False,-3.1,-142.4,15.8,10.4,-591.0,-44.5,-478.5,-134.0,66.0,0.0,,,,,
FIRSTCRY,False,11.6,,3.0,3.1,66.0,26.7,5.3,33.0,0.0,1.0,0.5,,,,
KANSAINER,False,2.9,-46.1,12.0,12.1,-681.0,27.6,5.4,-686.0,-27.0,-1.0,,10.4,,,
RALLIS,False,8.8,33.7,10.8,12.5,63.0,25.3,48.7,-17.0,6.0,0.0,-0.27,6.4,,,
PNCINFRA,False,-20.7,-10.5,30.5,21.2,-125.0,-427.6,-501.4,462.0,343.0,-1.0,,59.4,,Y,Y
DALBHARAT,False,5.9,77.4,17.2,20.8,632.0,141.9,534.1,55.0,-99.0,-0.0,0.087,13.5,,,
WOCKPHARMA,False,12.0,,13.0,19.3,254.0,47.1,211.9,-36.0,31.0,-0.0,-0.142,10.9,,,
NAUKRI,False,15.3,9.0,30.7,35.7,176.0,133.4,164.6,-121.0,-1.0,-0.0,-0.688,51.8,,Y,Y
PTC,False,3.3,-25.3,7.0,5.3,-313.0,37.1,-291.1,-103.0,45.0,-1.0,,39.3,,Y,Y
SOBHA,False,28.5,95.5,7.3,6.0,127.0,83.8,-67.8,69.0,43.0,-1.0,0.543,74.2,Y,Y,
SIGNATURE,False,3.9,1147.6,1.8,-1.8,1205.0,1.7,-93.7,1310.0,-13.0,0.0,1.087,110.7,Y,Y,Y
KEC,False,7.6,8.5,7.7,7.1,62.0,127.8,-151.8,-76.0,162.0,0.0,-1.226,-1.0,,,
LINDEINDIA,False,1.9,19.4,30.8,35.9,119.0,14.2,129.8,-1.0,-22.0,-2.0,-0.008,10.1,,,
BEML,False,8.2,-50.5,12.6,6.9,-204.0,41.4,-248.4,5.0,-3.0,1.0,,14.5,,,
INTELLECT,False,21.5,3.6,21.2,19.2,16.0,114.3,-61.3,18.0,-55.0,0.0,1.125,20.7,Y,,
AWL,False,17.4,-14.6,3.9,2.9,-234.0,431.8,-786.8,159.0,-37.0,-1.0,,28.7,,Y,
DBREALTY,False,40.6,,-10.5,1.6,244.0,-48.3,192.3,59.0,41.0,0.0,0.242,250.9,,Y,
CAPILLARY,False,22.9,410.0,10.9,12.7,41.0,14.9,13.1,26.0,-12.0,-1.0,0.634,76.5,Y,Y,
RAMCOCEM,False,6.0,173.0,14.5,15.9,552.0,74.0,128.0,354.0,-4.0,0.0,0.641,68.3,Y,Y,Y
OLAELEC,False,-50.1,,-38.4,-43.1,447.0,869.0,-106.0,-184.0,-132.0,0.0,-0.412,,,,
EMBDL,False,-20.6,-3422.2,13.4,-27.4,-924.0,-60.2,-706.8,-37.0,-121.0,1.0,,,,,
ITI,False,-39.6,,-1.7,2.0,508.0,23.8,80.2,365.0,40.0,-1.0,0.719,171.7,Y,Y,Y
TEJASNET,False,-87.6,-294.0,14.1,-61.8,-2052.0,-1102.5,-837.5,-12.0,-101.0,1.0,,,,,
SWANCORP,False,-11.5,-75.2,-2.9,-4.7,-1105.0,16.2,-79.2,-1170.0,128.0,0.0,,212.1,,Y,Y
HCG,False,14.7,-52.6,17.3,18.3,-30.0,56.6,25.4,-57.0,-55.0,0.0,,-66.7,,,
GODREJCP,False,8.4,-3.1,21.5,20.9,-82.0,254.4,-100.4,-219.0,-17.0,-0.0,,1.3,,,
NEOGEN,False,10.8,-18.0,17.5,15.9,-9.0,14.7,-13.7,16.0,-27.0,1.0,,14.6,,,
TATAPOWER,False,-4.7,5.0,19.0,21.3,316.0,-579.7,1400.7,744.0,-1249.0,0.0,2.354,51.7,Y,Y,
STLTECH,False,18.7,,10.4,12.0,263.0,78.0,75.0,90.0,20.0,0.0,0.342,70.1,,Y,
ABREL,False,-66.6,,1.3,-90.4,-66.0,-10.7,-373.3,340.0,-22.0,0.0,,,,,
FACT,False,-19.8,28.6,7.1,2.3,12.0,-70.9,-192.1,283.0,-9.0,1.0,23.583,446.3,Y,Y,Y
WHIRLPOOL,False,1.5,-19.0,6.9,6.0,-93.0,8.0,-77.0,-28.0,4.0,0.0,,42.8,,Y,
GAIL,False,-0.2,-39.6,10.9,8.1,-6371.0,-33.3,-3949.7,-2135.0,-252.0,-1.0,,31.0,,Y,
CYIENT,False,-1.2,-26.4,15.5,12.4,-231.0,-14.2,-224.8,-13.0,21.0,0.0,,13.0,,,
RENUKA,False,-15.9,,5.6,0.2,-509.0,-97.0,-493.0,17.0,63.0,1.0,,,,,
SJVN,False,47.4,3.1,72.4,72.7,35.0,1053.6,16.4,-113.0,-921.0,-1.0,-3.229,17.0,,,
RELAXO,False,-3.2,4.8,13.8,13.8,11.0,-12.1,1.1,19.0,3.0,-0.0,1.727,19.1,Y,,
VOLTAS,False,-7.6,-53.2,6.4,3.6,-634.0,-75.1,-398.9,-112.0,-47.0,-1.0,,38.1,,Y,
ACI,False,3.8,-34.4,30.3,22.1,-77.0,12.1,-88.1,30.0,-32.0,1.0,,18.4,,,
ADANIENT,False,2.6,29.2,14.6,13.9,3059.0,374.7,-635.7,5285.0,-1965.0,-0.0,1.728,86.4,Y,Y,Y
NFL,False,8.7,29.7,3.1,3.9,63.0,53.3,165.7,-107.0,-48.0,-1.0,-1.698,34.9,,Y,
NCC,False,-6.2,-19.8,8.6,8.8,-235.0,-118.9,36.9,-69.0,-84.0,-0.0,,10.1,,,
PAYTM,True,22.3,,-21.8,5.9,1227.0,-335.5,2341.5,-882.0,104.0,-1.0,-0.719,114.8,,,
RTNPOWER,False,-8.9,-76.6,17.8,13.5,-170.0,-52.2,-127.8,-2.0,13.0,-1.0,,682.7,,Y,
HCC,False,-29.1,-57.4,11.3,14.2,-300.0,-184.8,115.8,-498.0,268.0,-1.0,,69.5,,Y,
GSFC,False,14.8,13.9,6.7,7.2,105.0,94.2,59.8,-36.0,-14.0,1.0,-0.343,33.3,,Y,
BDL,False,-27.0,-24.2,14.1,9.1,-181.0,-127.7,-122.3,74.0,-4.0,-1.0,,74.6,,Y,
WESTLIFE,False,5.4,207.7,13.2,12.8,27.0,17.8,-9.8,60.0,-40.0,-1.0,2.222,187.5,Y,Y,Y
ABLBL,False,7.2,165.1,15.6,16.0,137.0,88.4,32.6,57.0,-40.0,-1.0,0.416,16.4,,,
UPL,False,11.2,280.8,15.3,17.5,2328.0,795.1,1154.9,646.0,-268.0,0.0,0.277,22.9,,,Y
IRB,False,0.5,-81.8,45.6,52.1,-5613.0,16.0,494.0,-6059.0,-64.0,0.0,,13.1,,,
LXCHEM,False,-4.6,-45.3,9.6,6.0,-73.0,-13.2,-100.8,-5.0,45.0,1.0,,15.9,,,
UBL,False,3.6,-7.1,9.4,8.7,-43.0,30.7,-65.7,90.0,-98.0,-0.0,,17.8,,,Y
ELECTCAST,False,-19.2,-74.4,14.3,6.1,-637.0,-201.1,-489.9,67.0,-14.0,1.0,,80.4,,Y,Y
PRSMJOHNSN,False,8.4,3400.0,6.8,9.5,68.0,38.5,199.5,-161.0,-9.0,0.0,-2.368,120.0,,Y,
EUREKAFORB,False,11.2,-0.9,10.9,11.6,-2.0,29.7,17.3,-36.0,-13.0,-0.0,,-7.8,,,
INDIACEM,False,8.3,,-8.5,8.8,137.0,-29.1,774.1,-716.0,107.0,1.0,-5.226,,,,
IRCON,False,-15.7,-18.4,7.9,8.4,-173.0,-133.0,52.0,83.0,-174.0,-1.0,,67.1,,Y,
RELIANCE,False,9.7,16.2,17.2,17.0,17145.0,15988.4,-2521.4,11022.0,-7344.0,-0.0,0.643,23.4,Y,,
KITEX,False,-32.1,-95.8,20.4,4.2,-182.0,-64.6,-108.4,51.0,-60.0,0.0,,875.0,,Y,Y
AARTIPHARM,False,-14.0,-35.5,21.9,20.3,-128.0,-64.9,-30.1,5.0,-37.0,-1.0,,6.4,,,
ALOKINDS,False,0.2,,-2.4,0.8,66.0,-0.1,117.1,-99.0,48.0,0.0,-1.5,,,,
ABFRL,False,11.2,,9.5,8.0,-378.0,78.5,-120.5,-255.0,-81.0,0.0,,,,,
HEMIPROP,False,0.0,,-1000.0,-900.0,-5.0,-0.0,1.0,-3.0,-2.0,-1.0,,,,,
ICICIPRULI,True,-10.5,-1.5,2.1,2.1,-23.0,-152.8,2.8,139.0,-11.0,-1.0,,25.5,,,
RAYMONDLSL,False,11.5,20.0,7.8,9.8,12.0,55.7,138.3,-106.0,-77.0,1.0,-8.833,18.1,,,
BAJAJELEC,False,-7.6,-152.4,6.4,3.1,-259.0,-23.2,-145.8,-105.0,16.0,-1.0,,,,,
INOXGREEN,False,19.1,324.3,22.0,8.2,120.0,9.9,-38.9,87.0,61.0,1.0,0.725,91.7,Y,Y,Y
AFCONS,False,-4.8,-45.5,10.8,10.4,-323.0,-65.1,-54.9,-195.0,-8.0,0.0,,70.8,,Y,
NETWORK18,False,-69.2,,-4.9,2.1,1926.0,233.2,147.8,1183.0,362.0,0.0,0.614,289.7,Y,Y,Y
DBL,False,-20.6,48.9,19.1,19.7,480.0,-445.1,52.1,979.0,-106.0,0.0,2.04,95.6,Y,Y,Y
TARC,False,870.6,,-391.2,-80.0,258.0,-1157.9,1026.9,337.0,52.0,0.0,1.306,2280.0,Y,Y,Y
VIPIND,False,-14.7,,4.0,-13.0,-247.0,-12.9,-316.1,82.0,1.0,-1.0,,,,,
RVNL,False,2.5,-28.4,5.6,3.8,-469.0,27.6,-385.6,-226.0,116.0,-1.0,,73.6,,Y,
BLUESTONE,False,37.6,,4.3,15.8,235.0,28.6,279.4,-8.0,-65.0,0.0,-0.034,384.6,,Y,
