company_name_cas,value_inr,norm,norm2,Symbol,Company Name,ISIN Code,symbol,sector,cyclicality_tag,market_cap_approx,roe,roce,debt_equity,interest_coverage,revenue_cagr_3y,revenue_growth_1y,pe_current,ret_3m,ret_6m,ret_12m,ret_24m,above_50sma,above_200sma,rsi14,obv_slope_short,obv_slope_long,turnover_median_60d,ownership_flow_long,ownership_flow_short,company_name,isin,book_value_per_share,avg_fcf,pb_current,fcf_yield,sector_norm,mcap_tercile,sector_tier_group,roe_pct,roce_pct,quality_score,growth_3y_score,growth_1y_score,pe_abs_pctile,pe_sector_tier_pctile,pb_sector_tier_pctile,fcf_yield_sector_tier_pctile,value_score,ret_12m_pct,ret_24m_pct,rs_12m_pct,stage_3y_score,ret_3m_pct,ret_6m_pct,rs_3m_pct,stage_1y_score,stage_timing_tag,regime_fit_adj,sector_mean_ret_12m,sector_mean_ret_3m,sector_macro_3y_score,sector_macro_1y_score,ownership_flow_3y_score,ownership_flow_1y_score,accumulation_3y_score,accumulation_1y_score,composite_3y,composite_1y,bs_flag,min_turnover,liquidity_flag,redflag_count,penalty,boost,final_3y,final_1y,final_3y_adj,final_1y_adj,recommendation_3y,recommendation_1y,recommendation
LARSEN AND TOUBRO LIMITED,3437057.3,LARSENANDTOUBRO,,LT,Larsen & Toubro Ltd.,,LT,Construction,Cyclical,612065.7222970967,0.1734284930002745,0.1508218087032075,1.1482935309726416,3.5213802704852823,15.959149368587134,11.785683561825966,32.29216641854473,-0.0645144352827382,-0.0137933726051029,0.0905568964235752,1.4819195356384611,False,False,12.593344885682283,-18022338.0,6859654.0,7977183519.893921,1.196666666666666,-0.2100000000000008,Larsen & Toubro Ltd.,INE018A01030,674.1683444127889,5108.5,5.600381757682284,0.834632591550411,construction,Large,construction_Large,65.55891238670695,34.42622950819672,49.99257094745184,57.94701986754966,44.91803278688525,51.50602409638554,51.50602409638554,42.59818731117825,49.848942598187314,49.39304043970444,63.49693251533742,92.76729559748428,63.49693251533742,36.62686010469319,22.289156626506024,38.55421686746988,22.289156626506024,17.596087198178758,Pulled back,4.6,-0.2193038515989135,-0.0650363585460176,5.955421686746988,7.160240963855421,84.79087452471484,19.771863117870723,39.14373088685015,8.433734939759036,45.79332426591831,30.044297484548416,GREEN,50000000.0,GREEN,0,0,0,45.79332426591831,30.044297484548416,45.79332426591831,30.044297484548416,Hold,Sell,Sell
BAJAJ FINANCE LIMITED,2284417.5,BAJAJFINANCE,BAJAJFINANCE,BAJFINANCE,Bajaj Finance Ltd.,INE296A01032,BAJFINANCE,financial services,NotCyclical,656377.0526186959,0.1857953239105478,,3.8168054105737768,,,,33.95287878226235,0.1375410525938254,0.1000824995319806,0.1183485055608111,0.4798298338772857,True,True,65.25610647890454,20759253.0,-32923465.0,7059168338.509094,0.4916666666666665,1.0199999999999996,Bajaj Finance Ltd.,INE296A01032,180.2094682391889,-32810.083333333336,5.757743950549529,-4.998663984737664,financial services,Large,financial services_Large,72.54901960784314,,72.54901960784314,,,48.795180722891565,30.434782608695656,17.391304347826086,26.08695652173913,31.546621267679413,66.56441717791411,78.61635220125787,64.0,69.72692312639066,69.87951807228916,61.44578313253012,72.54901960784314,66.43249628966367,Neutral,-2.6,0.0626643811533381,0.0569061228228353,48.00240963855421,48.00240963855421,68.8212927756654,76.42585551330798,7.339449541284404,74.69879518072288,52.73835520829705,60.049415286930845,N/A-financial-sector,50000000.0,GREEN,0,0,0,52.73835520829705,60.049415286930845,52.73835520829705,60.049415286930845,Hold,Hold,Hold
HINDUSTAN UNILEVER LIMITED,2055200.0,HINDUSTANUNILEVER,HINDUSTANUNILEVER,HINDUNILVR,Hindustan Unilever Ltd.,INE030A01027,HINDUNILVR,Fast Moving Consumer Goods,Defensive-Stable,493669.8036149747,0.3089722809249266,0.299480255690304,0.0303247912349453,36.68048780487805,2.0951181546343456,5.120010435690059,32.78237622783549,-0.0826398825273023,-0.0993227404334335,-0.1510740362198571,-0.0533219739921017,False,False,37.590063641109225,-20719550.0,-35684329.0,3316546682.4802246,0.0883333333333335,-0.0349999999999992,Hindustan Unilever Ltd.,INE030A01027,207.170687960688,7032.0,10.128845557253426,1.4244338925547146,fast moving consumer goods,Large,fast moving consumer goods_Large,94.11764705882352,82.35294117647058,88.23529411764704,14.90066225165563,21.639344262295083,50.30120481927711,50.0,27.77777777777778,77.77777777777779,51.18641231593039,31.901840490797547,42.138364779874216,38.88888888888889,18.82151569326011,18.67469879518072,22.289156626506024,22.22222222222222,11.772006576540573,Neutral,-2.6,0.0647931846270858,-0.0010523907869827,58.39397590361446,11.406024096385542,38.78326996197718,28.13688212927757,7.033639143730887,8.132530120481928,42.952280465258426,32.970850030136575,GREEN,50000000.0,GREEN,1,-1,0,42.952280465258426,32.970850030136575,41.952280465258426,31.970850030136575,Hold,Sell,Sell
STATE BANK OF INDIA,1436704.4,STATEBANKOFINDIA,STATEBANKOFINDIA,SBIN,State Bank of India,INE062A01020,SBIN,Financial Services,Sensitive-hybrid,990358.7651624748,0.1453807971737755,,7.610021958260852,,13.64364228199979,5.021282323740151,11.427304423447197,-0.0558192378343367,0.0208464349123222,0.2978764984763653,1.6216416344842055,True,True,44.787044397978406,-11600154.0,343871226.0,12577840408.246763,0.0749999999999998,-0.0049999999999998,State Bank of India,INE062A01020,620.7147144208801,17149.833333333332,1.6613106266281652,1.7316788558457186,financial services,Large,financial services_Large,60.78431372549019,,60.78431372549019,50.0,21.311475409836063,88.25301204819277,78.26086956521739,69.56521739130434,82.6086956521739,79.88933996856993,79.14110429447852,93.39622641509436,84.0,85.51244356985762,24.69879518072289,46.98795180722892,15.68627450980392,29.64563605945407,Neutral,-2.6,0.0626643811533381,0.0569061228228353,48.00240963855421,48.00240963855421,36.12167300380228,30.79847908745248,93.88379204892966,9.939759036144578,64.55060503371823,42.82666556389693,N/A-financial-sector,50000000.0,GREEN,0,0,3,64.55060503371823,42.82666556389693,67.55060503371823,45.82666556389693,Hold,Hold,Hold
ABB INDIA LIMITED,1411282.5,ABBINDIA,ABBINDIA,ABB,ABB India Ltd.,INE117A01022,ABB,Capital Goods,Cyclical,162446.20856090434,0.2128637059724349,0.2581744729200858,0.010847371107708,102.25,23.94516652991743,8.327863472267794,97.38981328591387,0.0611798386751254,0.5600525824700726,0.3658403019018645,3.447062133608771,True,True,68.03958277614336,3780186.0,13897687.0,2135959470.0,0.9416666666666664,0.06,ABB India Ltd.,INE117A01022,369.86107913669065,461.5,20.73075658000311,0.2840940420145136,capital goods,Large,capital goods_Large,79.59183673469387,79.59183673469387,79.59183673469387,76.82119205298014,31.80327868852459,10.843373493975903,31.25,31.25,56.25,31.148343373493976,82.20858895705521,99.05660377358492,67.3469387755102,82.8707105020501,53.6144578313253,92.1686746987952,42.85714285714285,61.07613351814012,Neutral,4.6,0.2847879821526152,0.1204709898575698,86.8289156626506,79.29879518072288,79.46768060836501,41.06463878326996,47.70642201834863,50.0,67.76463575945289,54.64475177614533,GREEN,50000000.0,GREEN,1,-1,0,67.76463575945289,54.64475177614533,66.76463575945289,53.64475177614533,Hold,Hold,Hold
MAHINDRA AND MAHINDRA LIMITED,1177050.0,MAHINDRAANDMAHINDRA,,M&M,Mahindra & Mahindra Ltd.,,M&M,Automobile and Auto Components,Cyclical,422252.1637038352,0.1378251690728235,0.1274719084851463,1.4708959472378271,3.855698050255448,17.84936997453506,24.764620535013293,22.674909446022728,-0.02205690682113,-0.1395488936400846,0.0251664725323332,0.113806807661255,True,False,51.959236150064136,-3607251.0,-32854784.0,7962609276.084717,0.1616666666666665,0.0749999999999975,Mahindra & Mahindra Ltd.,INE101A01026,687.404011384384,-4258.083333333333,4.535615150905349,-1.0084219097856235,automobile and auto components,Large,automobile and auto components_Large,47.61904761904761,14.285714285714285,30.95238095238095,63.57615894039736,77.04918032786885,68.07228915662651,77.77777777777779,66.66666666666666,22.22222222222222,62.01807228915662,55.828220858895705,55.34591194968554,30.0,23.52902213476354,31.626506024096383,15.963855421686745,19.047619047619047,22.01673654946098,Neutral,4.6,0.3161170201709277,0.1021644013996363,97.3710843373494,68.75662650602409,45.62737642585552,42.20532319391635,7.64525993883792,16.566265060240966,51.21245149825756,47.39346843553458,GREEN,50000000.0,GREEN,0,0,0,51.21245149825756,47.39346843553458,51.21245149825756,47.39346843553458,Hold,Hold,Hold
HINDALCO INDUSTRIES LIMITED,1141800.0,HINDALCOINDUSTRIES,HINDALCOINDUSTRIES,HINDALCO,Hindalco Industries Ltd.,INE038A01020,HINDALCO,Metals & Mining,Cyclical,215572.85008450487,0.0980429482439249,0.1479545955851163,0.7260420403710565,10.022988505747126,7.19685771317724,15.282436602710314,16.09833844257373,-0.0561304134088196,0.0093729310793377,0.4574286090763144,1.464137716786534,False,True,54.08538336105228,1928830.0,227315138.0,5363211010.443817,0.7866666666666671,0.2550000000000025,Hindalco Industries Ltd.,INE038A01020,607.794859980584,5367.5,1.5783285627384438,2.48987755085853,metals & mining,Large,metals & mining_Large,58.333333333333336,41.66666666666667,50.0,29.13907284768212,57.70491803278689,80.72289156626506,75.0,87.5,50.0,73.93072289156626,87.42331288343557,92.45283018867924,66.66666666666666,82.18093657959382,24.397590361445783,45.18072289156627,75.0,23.68784720606345,Neutral,4.6,0.3854891032262384,-0.0501828871424458,100.0,7.160240963855421,77.18631178707224,55.893536121673,89.60244648318043,43.373493975903614,67.74716108885389,42.59640534618887,GREEN,50000000.0,GREEN,0,0,0,67.74716108885389,42.59640534618887,67.74716108885389,42.59640534618887,Hold,Hold,Hold
BOSCH LIMITED,1115845.0,BOSCH,BOSCH,BOSCHLTD,Bosch Ltd.,INE323A01026,BOSCHLTD,automobile and auto components,Cyclical,121239.67583779128,0.1346783116942676,0.166014301625592,0.008015627104944,98.14814814814817,10.302716840206603,10.770166417869188,43.72148425452264,0.0961205172643646,0.0916091343600638,0.1512079459706201,0.1937753569900075,True,True,57.61387226542477,534674.0,797493.0,1164305440.0,0.1216666666666663,0.0599999999999989,Bosch Ltd.,INE323A01026,5033.987890371439,892.9090909090909,8.166487662521305,0.7364825786104294,automobile and auto components,Large,automobile and auto components_Large,33.33333333333333,28.57142857142857,30.95238095238095,39.735099337748345,38.36065573770492,37.95180722891566,44.44444444444444,44.44444444444444,66.66666666666666,47.26572958500668,68.71165644171779,63.83647798742138,60.0,64.18271147637972,60.24096385542169,59.63855421686747,57.14285714285714,58.24607117850629,Neutral,4.6,0.3161170201709277,0.1021644013996363,97.3710843373494,68.75662650602409,42.20532319391635,39.92395437262358,23.24159021406728,33.13253012048193,49.641233154047,48.51497393740264,GREEN,50000000.0,GREEN,0,0,0,49.641233154047,48.51497393740264,49.641233154047,48.51497393740264,Hold,Hold,Hold
SCHAEFFLER INDIA LIMITED,1031200.0,SCHAEFFLERINDIA,SCHAEFFLERINDIA,SCHAEFFLER,Schaeffler India Ltd.,INE513A01022,SCHAEFFLER,Automobile and Auto Components,Cyclical,64557.81555175782,0.1628353153863806,0.25499184118939,0.0090939153439153,353.2,12.14824260114298,17.662779397473273,56.137230914572015,0.0193298980714915,0.0992731333990077,0.002477606115717,-0.0619104042897667,True,True,50.64033587847876,-125078.0,3178898.0,238090086.4326172,-0.0516666666666666,0.0,Schaeffler India Ltd.,INE513A01022,387.072,390.25,10.674241989377949,0.604496909730667,automobile and auto components,Large,automobile and auto components_Large,61.90476190476191,71.42857142857143,66.66666666666667,46.026490066225165,65.24590163934427,25.301204819277107,33.33333333333333,33.33333333333333,55.55555555555556,35.76974564926372,51.53374233128834,41.19496855345912,20.0,37.57623696158249,43.67469879518072,60.8433734939759,23.809523809523807,42.71183177837894,Neutral,4.6,0.3161170201709277,0.1021644013996363,97.3710843373494,68.75662650602409,20.91254752851712,32.129277566539926,31.49847094801223,25.301204819277107,50.33952199429224,50.35131355026349,GREEN,50000000.0,GREEN,0,0,0,50.33952199429224,50.35131355026349,50.33952199429224,50.35131355026349,Hold,Hold,Hold
HDFC BANK LIMITED,902889.0,HDFCBANK,HDFCBANK,HDFCBANK,HDFC Bank Ltd.,INE040A01034,HDFCBANK,Financial Services,Sensitive-hybrid,1296471.2843282283,0.1351723973183587,,3.0457172400730985,,26.86010345560268,3.6412608846884575,16.365660817836986,0.0122190688434533,-0.1121413409728012,-0.169224867572186,0.1347657302675182,True,False,55.85365853658537,-302420674.0,-1090303564.0,26765671487.25345,3.725000000000001,11.095,HDFC Bank Ltd.,INE040A01034,365.3852486146,15378.083333333334,2.2121856064461567,1.186149166527938,financial services,Large,financial services_Large,49.01960784313725,,49.01960784313725,79.47019867549669,18.688524590163937,80.12048192771084,65.21739130434783,60.86956521739131,65.21739130434783,68.07359874279727,30.67484662576687,57.86163522012578,22.0,18.42274697431544,42.46987951807229,19.57831325301205,43.13725490196079,34.47645003735651,Neutral,-2.6,0.0626643811533381,0.0569061228228353,48.00240963855421,48.00240963855421,97.33840304182507,99.04942965779468,1.2232415902140672,1.2048192771084338,54.6689743150568,44.91346258737949,N/A-financial-sector,50000000.0,GREEN,1,-1,0,54.6689743150568,44.91346258737949,53.6689743150568,43.91346258737949,Hold,Hold,Hold
TATA CONSULTANCY SERVICES LIMITED,742170.0,TATACONSULTANCYSERVICES,TATACONSULTANCYSERVICES,TCS,Tata Consultancy Services Ltd.,INE467B01029,TCS,Information Technology,Defensive-Stable,800295.9635320932,0.4611525550167847,0.6108350278005112,0.1052126072361059,59.0040749796251,5.801848619364591,4.581237956478823,16.182633629880158,-0.140748904955462,-0.2846196610692406,-0.286266411573014,-0.2069377604253032,True,False,61.51513183158112,-31126466.0,-123349447.0,9001898910.134033,0.0866666666666667,0.0899999999999998,Tata Consultancy Services Ltd.,INE467B01029,294.9349375176932,31840.83333333333,7.462662845319781,3.978632254098138,information technology,Large,information technology_Large,100.0,100.0,100.0,24.503311258278146,20.0,80.42168674698796,75.0,25.0,75.0,66.355421686747,14.11042944785276,28.30188679245283,39.130434782608695,13.590458503819043,7.83132530120482,3.313253012048193,26.08695652173913,11.258998428505937,Neutral,-2.6,-0.1249941431658934,0.0299611120157537,15.773493975903614,23.303614457831323,38.40304182509506,43.346007604562736,3.3639143730886847,5.72289156626506,44.20777359725981,39.5275021274874,GREEN,50000000.0,GREEN,1,-1,0,44.20777359725981,39.5275021274874,43.20777359725981,38.5275021274874,Hold,Sell,Sell
SIEMENS ENERGY INDIA LIMITED,704942.0,SIEMENSENERGYINDIA,SIEMENSENERGYINDIA,ENRIN,Siemens Energy India Ltd.,INE1NPP01017,ENRIN,Capital Goods,Cyclical,121263.51743965482,0.228595178719867,0.3046937151949085,0.0448877805486284,,,,110.23956130877713,0.0614363508060817,0.4431131975229716,0.1088059394902585,0.2470925393012581,False,True,39.28489491451068,5341316.0,-13571674.0,1564709447.189819,,,Siemens Energy India Ltd.,INE1NPP01017,135.12970909090907,1727.0,25.200232219379643,1.4241711245588915,capital goods,Large,capital goods_Large,87.75510204081633,93.87755102040816,90.81632653061224,,,8.734939759036145,25.0,18.75,93.75,33.433734939759034,65.6441717791411,67.29559748427673,51.02040816326531,61.320059142227706,53.915662650602414,88.25301204819277,44.89795918367347,32.24928282229371,Neutral,4.6,0.2847879821526152,0.1204709898575698,86.8289156626506,79.29879518072288,,,11.009174311926609,56.62650602409639,59.94960595568786,54.26366123116781,GREEN,50000000.0,GREEN,0,0,0,59.94960595568786,54.26366123116781,59.94960595568786,54.26366123116781,Hold,Hold,Hold
SIEMENS LIMITED,666435.0,SIEMENS,SIEMENS,SIEMENS,Siemens Ltd.,INE003A01024,SIEMENS,Capital Goods,Cyclical,130358.87300159186,0.1521676300578034,0.1413020428359369,0.0221820809248554,133.26666666666668,1.9348904459199456,12.854879176020065,61.89880009572262,-0.0172232727937784,0.2408318886737945,0.1731725807294055,2.1545412595757027,True,True,52.498757317448906,3669697.0,18991276.0,1271521423.7687988,0.0966666666666666,0.0449999999999999,Siemens Ltd.,INE003A01024,388.32174738841405,632.75,9.41899371398785,0.4853908180015281,capital goods,Large,capital goods_Large,59.18367346938776,26.53061224489796,42.85714285714286,14.23841059602649,51.14754098360656,23.19277108433735,50.0,62.5,81.25,52.04819277108434,69.6319018404908,95.9119496855346,55.10204081632652,73.54863078078397,33.13253012048193,77.71084337349397,26.53061224489796,45.54145284787973,Neutral,4.6,0.2847879821526152,0.1204709898575698,86.8289156626506,79.29879518072288,39.73384030418251,37.6425855513308,53.21100917431193,49.39759036144578,50.02213035128473,52.14885463879649,GREEN,50000000.0,GREEN,0,0,0,50.02213035128473,52.14885463879649,50.02213035128473,52.14885463879649,Hold,Hold,Hold
SUN PHARMACEUTICAL INDUSTRIES LIMITED,632905.0,SUNPHARMACEUTICALINDUSTRIES,SUNPHARMACEUTICALINDUSTRIES,SUNPHARMA,Sun Pharmaceutical Industries Ltd.,INE044A01036,SUNPHARMA,Healthcare,NotCyclical,469140.8992269765,0.1481304716966162,0.1923719365448048,0.0553667584061266,48.67551622418879,10.03121027172562,11.190992430294044,40.76295935589334,0.1717672869063127,0.1383765967517056,0.1769805216261957,0.28025397005521,True,True,70.4172408951921,-5624294.0,44176855.0,4157289275.576538,0.3133333333333334,0.1400000000000005,Sun Pharmaceutical Industries Ltd.,INE044A01036,347.3793379094622,5227.5,5.61374774712189,1.114270789141082,healthcare,Large,healthcare_Large,45.94594594594595,51.35135135135135,48.648648648648646,38.07947019867549,40.0,42.77108433734939,66.66666666666666,66.66666666666666,66.66666666666666,60.69277108433734,69.93865030674846,69.81132075471697,57.14285714285714,65.6309427347742,76.20481927710844,67.46987951807229,40.54054054054054,59.36335568905456,Extended,-2.6,0.1867000399901438,0.2174472393134507,66.67710843373494,91.97831325301205,58.55513307984791,47.14828897338403,63.608562691131496,13.855421686746988,54.070361880416655,54.38990708525915,GREEN,50000000.0,GREEN,0,0,0,54.070361880416655,54.38990708525915,54.070361880416655,54.38990708525915,Hold,Hold,Hold
BHARTI AIRTEL LIMITED,611323.2,BHARTIAIRTEL,BHARTIAIRTEL,BHARTIARTL,Bharti Airtel Ltd.,INE397D01024,BHARTIARTL,telecommunication,NotCyclical,1483703.3337483143,0.2048493572463491,0.2736546675247234,1.310988413828267,5.405427974947808,14.882291893724496,21.96028557389369,43.86669821566138,0.0410054028727024,-0.0518525700922618,0.0083074607158493,0.3578130422753087,True,False,56.99425548594044,-23049141.0,-76927978.0,11893401387.267578,0.4500000000000004,0.4050000000000011,Bharti Airtel Ltd.,INE397D01024,193.06942524317773,22516.58333333333,9.953932614693136,1.5175933639273536,telecommunication,Large,telecommunication_Large,75.52870090634441,81.31147540983606,78.42008815809024,52.64900662251656,73.11475409836066,37.65060240963856,37.65060240963856,21.148036253776432,70.09063444108762,40.83809558475595,53.06748466257669,72.64150943396226,53.06748466257669,29.79607979318594,50.30120481927711,29.81927710843373,50.30120481927711,42.77447003373527,Neutral,-2.6,-0.1540627376594488,0.0951234195042335,0.4120481927710844,57.94216867469879,67.68060836501901,63.11787072243346,4.281345565749235,7.83132530120482,46.71867445128197,56.24733036613391,GREEN,50000000.0,GREEN,0,0,0,46.71867445128197,56.24733036613391,46.71867445128197,56.24733036613391,Hold,Hold,Hold
ICICI BANK LIMITED,559905.0,ICICIBANK,ICICIBANK,ICICIBANK,ICICI Bank Ltd.,INE090A01021,ICICIBANK,Financial Services,NotCyclical,1085257.3289009875,0.1699566988505603,,0.6112026816287343,,,,18.73200305338628,0.0457159727416496,-0.0130828453918754,0.0050937731285927,0.1671155317290455,True,True,65.6099927201297,180261054.0,-53855407.0,18525704097.789307,0.1883333333333337,0.1950000000000038,ICICI Bank Ltd.,INE090A01021,470.9372131317315,60557.083333333336,3.0114416776301205,5.579974603319007,financial services,Large,financial services_Large,68.62745098039215,,68.62745098039215,,,76.20481927710844,60.86956521739131,56.52173913043478,95.65217391304348,70.79033525405973,52.760736196319016,61.63522012578616,48.0,54.131985440701726,51.20481927710844,39.1566265060241,54.90196078431373,46.86013625046911,Neutral,-2.6,0.0626643811533381,0.0569061228228353,48.00240963855421,48.00240963855421,48.28897338403042,52.09125475285171,5.81039755351682,96.98795180722892,55.91301121283603,60.29324840897866,N/A-financial-sector,50000000.0,GREEN,0,0,3,55.91301121283603,60.29324840897866,58.91301121283603,63.29324840897866,Hold,Hold,Hold
CIPLA LIMITED,458360.0,CIPLA,CIPLA,CIPLA,Cipla Ltd.,INE059A01026,CIPLA,Healthcare,NotCyclical,114967.28446480632,0.1394128830473945,0.2078958408718048,0.0178322490706319,108.94444444444444,7.369290376032311,2.232466966748947,29.768846314035816,0.1735753374947675,-0.0037210522670956,-0.0283428059933025,-0.0110018517433125,True,True,52.08693517175222,1778219.0,-20774780.0,1678662097.2495117,0.1666666666666666,0.1949999999999985,Cipla Ltd.,INE059A01026,428.12652511652,1788.4166666666667,3.3389662077371725,1.5555874655925577,healthcare,Large,healthcare_Large,32.432432432432435,72.97297297297297,52.7027027027027,29.80132450331126,14.098360655737704,56.024096385542165,77.77777777777779,88.88888888888889,100.0,79.00602409638554,47.54601226993865,44.65408805031446,34.285714285714285,42.16193820198913,76.80722891566265,42.16867469879519,43.24324324324324,53.86435543539181,Neutral,-2.6,0.1867000399901438,0.2174472393134507,66.67710843373494,91.97831325301205,46.38783269961977,51.33079847908745,9.48012232415902,41.86746987951807,48.47106503985294,53.89843586724233,GREEN,50000000.0,GREEN,0,0,0,48.47106503985294,53.89843586724233,48.47106503985294,53.89843586724233,Hold,Hold,Hold
RELIANCE INDUSTRIES LIMITED,451773.0,RELIANCEINDUSTRIES,RELIANCEINDUSTRIES,RELIANCE,Reliance Industries Ltd.,INE002A01018,RELIANCE,Oil Gas & Consumable Fuels,Cyclical,2079990.518717639,0.105919051358915,0.1370054292604698,0.4457396325343185,6.6170873212372046,6.403933073685808,9.654971853513628,21.72223112055516,-0.0374677894724632,-0.1070778084803568,-0.1185566988921449,0.3552217534731414,False,False,43.12220304433736,-126797362.0,-344019896.0,20214891013.82873,0.0216666666666667,0.0200000000000022,Reliance Industries Ltd.,INE002A01018,563.5435668483823,-3671.4166666666665,2.300798113688306,-0.1765112212593246,oil gas & consumable fuels,Large,oil gas & consumable fuels_Large,22.22222222222222,22.22222222222222,22.22222222222222,27.1523178807947,35.08196721311476,70.78313253012048,14.285714285714285,14.285714285714285,14.285714285714285,28.41006884681584,36.50306748466258,72.32704402515722,22.22222222222222,21.84205562200701,28.614457831325304,21.0843373493976,22.22222222222222,12.67461592939045,Neutral,4.6,-0.0199558700969657,-0.0106041295316716,40.744578313253015,14.539759036144575,29.65779467680608,35.741444866920155,1.2232415902140672,1.2048192771084338,25.945880163000307,21.70832542388806,GREEN,50000000.0,GREEN,0,0,0,25.945880163000307,21.70832542388806,25.945880163000307,21.70832542388806,Sell,Sell,Sell
HITACHI ENERGY INDIA LIMITED,436150.0,HITACHIENERGYINDIA,HITACHIENERGYINDIA,POWERINDIA,Hitachi Energy India Ltd.,INE07Y701011,POWERINDIA,Capital Goods,Cyclical,149539.593015386,0.1908809891808346,0.2379323451159255,0.0166151468315301,96.3076923076923,22.165025099832825,27.611589663273307,151.35586337589675,0.1222816995650719,0.9805750723268584,0.8137690677639442,16.54787083775435,False,True,48.07692307692308,1402618.0,6551995.0,4539124012.5,1.0216666666666665,-0.1749999999999998,Hitachi Energy India Ltd.,INE07Y701011,1161.08995951417,255.25,28.89095691951044,0.1706905809043746,capital goods,Large,capital goods_Large,75.51020408163265,73.46938775510205,74.48979591836735,73.84105960264901,80.32786885245902,4.819277108433735,6.25,9.375,43.75,14.017319277108436,94.47852760736195,99.05660377358492,87.75510204081633,93.76341114058772,65.96385542168674,99.09638554216868,65.3061224489796,38.58670159444687,Neutral,4.6,0.2847879821526152,0.1204709898575698,86.8289156626506,79.29879518072288,81.36882129277566,22.0532319391635,38.53211009174312,39.45783132530121,63.456611295306594,50.02352946354735,GREEN,50000000.0,GREEN,0,0,0,63.456611295306594,50.02352946354735,63.456611295306594,50.02352946354735,Hold,Hold,Hold
APL APOLLO TUBES LIMITED,373380.0,APLAPOLLOTUBES,APLAPOLLOTUBES,APLAPOLLO,APL Apollo Tubes Ltd.,INE702C01027,APLAPOLLO,Capital Goods,Cyclical,49766.38587583661,0.227109684727204,0.3109577221742882,0.0940154804606381,14.416,12.599934417303585,11.546640889318516,41.36856681283176,-0.149102859154763,-0.0734997440227062,0.0627806741042167,1.3137970304966755,False,False,49.76167784383616,-9336647.0,11359257.0,1014467096.7087402,1.156666666666667,2.28,APL Apollo Tubes Ltd.,INE702C01027,190.7888694929344,293.0,9.395202166478498,0.5887508100970261,capital goods,Large,capital goods_Large,85.71428571428571,95.91836734693877,90.81632653061224,47.01986754966888,43.278688524590166,41.566265060240966,81.25,68.75,87.5,70.07906626506023,60.73619631901841,90.88050314465409,46.93877551020408,33.09257916231277,6.626506024096386,26.506024096385545,4.081632653061225,6.226192677873577,Neutral,4.6,0.2847879821526152,0.1204709898575698,86.8289156626506,79.29879518072288,84.03041825095056,87.45247148288973,44.342507645259936,11.144578313253012,66.76441479656822,53.82384480398894,GREEN,50000000.0,GREEN,0,0,3,66.76441479656822,53.82384480398894,69.76441479656822,56.82384480398894,Hold,Hold,Hold
PIDILITE INDUSTRIES LIMITED,357682.0,PIDILITEINDUSTRIES,PIDILITEINDUSTRIES,PIDILITIND,Pidilite Industries Ltd.,INE318A01026,PIDILITIND,Chemicals,Cyclical,158689.13110528703,0.2116490219017681,0.2903048869185156,0.0258766172885805,80.60975609756098,8.373111102669807,11.720367762776451,66.56423284617745,0.1216109137619112,0.0404963307646908,0.0465895517845953,0.028512751834318,True,True,48.85430033156332,11852607.0,15009856.0,1016595286.1195068,0.0966666666666665,0.1950000000000002,Pidilite Industries Ltd.,INE318A01026,104.82566275167784,1022.3333333333334,14.878035918365557,0.6442365184134986,chemicals,Large,chemicals_Large,73.68421052631578,89.47368421052632,81.57894736842104,32.78145695364238,44.59016393442623,20.48192771084337,21.052631578947366,10.526315789473683,52.63157894736842,25.12048192771084,58.58895705521472,48.42767295597484,78.94736842105263,61.987999477414064,65.36144578313254,51.20481927710844,47.368421052631575,54.75946533780119,Neutral,4.6,-0.032037039590392,0.1646485349935498,36.52771084337349,90.14216867469878,39.163498098859314,51.71102661596958,49.54128440366973,68.07228915662651,45.90063101934359,57.542082404796666,GREEN,50000000.0,GREEN,0,0,0,45.90063101934359,57.542082404796666,45.90063101934359,57.542082404796666,Hold,Hold,Hold
TITAN COMPANY LIMITED,320308.4,TITANCOMPANY,TITANCOMPANY,TITAN,Titan Company Ltd.,INE280A01028,TITAN,Consumer Durables,Defensive-Stable,410687.4765344712,0.3230592880341336,0.1804032466971764,1.9500095523148444,7.082203389830508,29.237559737181407,44.8723038242689,80.95554435924922,0.0360020646470744,0.0993671376696054,0.3631093606126774,1.7800527845791263,True,True,81.71046365335816,4132195.0,13391128.0,3453162499.1416016,0.0516666666666667,0.0899999999999989,Titan Company Ltd.,INE280A01028,176.8715592351666,896.1666666666666,26.153440523114767,0.2182113450911246,consumer durables,Large,consumer durables_Large,84.61538461538461,38.46153846153847,61.53846153846154,82.78145695364239,90.81967213114754,16.867469879518072,7.6923076923076925,7.6923076923076925,30.76923076923077,14.601482854494904,81.90184049079755,94.0251572327044,92.3076923076923,89.41156334373142,48.493975903614455,61.14457831325302,61.53846153846154,53.88795888644052,Extended,-2.6,-0.0545950121457875,0.0328981059257301,24.50843373493976,28.72530120481928,33.840304182509506,42.96577946768061,46.78899082568808,51.80722891566265,53.49454383367655,50.48632091415526,AMBER,50000000.0,GREEN,0,0,0,45.470362258625066,42.91337277703197,45.470362258625066,42.91337277703197,Hold,Hold,Hold
NATIONAL ALUMINIUM COMPANY LIMITED,319440.0,NATIONALALUMINIUMCOMPANY,,NATIONALUM,National Aluminium Co. Ltd.,,NATIONALUM,Metals & Mining,Cyclical,65106.04311673512,0.2683423598574272,0.3659696256289526,0.0027773920288848,79.28,7.765539794311893,6.284250655229928,11.230988979943955,-0.1577831194462345,-0.0344628701977807,0.955239123172248,4.126697032807195,False,True,62.25276142254887,-78219238.0,770041105.0,3336881094.184952,0.7266666666666662,0.9499999999999992,National Aluminium Co. Ltd.,INE139A01034,117.6109504916336,1302.4166666666667,3.013750086410921,2.0004543423587178,metals & mining,Large,metals & mining_Large,91.66666666666666,91.66666666666666,91.66666666666666,31.125827814569533,25.245901639344265,88.55421686746988,100.0,50.0,37.5,74.63855421686748,96.93251533742333,99.05660377358492,100.0,98.6630397036694,4.819277108433735,33.13253012048193,16.666666666666664,7.877802840342169,Neutral,4.6,0.3854891032262384,-0.0501828871424458,100.0,7.160240963855421,75.66539923954373,75.2851711026616,97.55351681957188,3.313253012048193,78.2304774337297,39.77387243876067,GREEN,50000000.0,GREEN,1,-1,0,78.2304774337297,39.77387243876067,77.2304774337297,38.77387243876067,Hold,Sell,Sell
SAMVARDHANA MOTHERSON INTERNATIONAL LIMITED,309449.13,SAMVARDHANAMOTHERSONINTERNATIONAL,SAMVARDHANAMOTHERSONINTERNATIONAL,MOTHERSON,Samvardhana Motherson International Ltd.,INE775A01035,MOTHERSON,Automobile and Auto Components,Cyclical,160369.91121886205,0.0997096073598672,0.2015661108247851,0.4678005807852802,7.4655172413793105,17.01715560545274,10.945514371431342,39.2486322121542,0.1539672502012403,0.271213393059267,0.4222243103661338,1.2385533055546607,True,True,28.27556357507829,144941075.0,746907764.0,2252520627.6459503,1.0016666666666667,0.3600000000000003,Samvardhana Motherson International Ltd.,INE775A01035,36.70659324522761,2103.1666666666665,3.913465707285733,1.3114471727781942,automobile and auto components,Large,automobile and auto components_Large,19.047619047619047,52.38095238095239,35.714285714285715,60.59602649006622,38.68852459016394,44.57831325301205,55.55555555555556,88.88888888888889,88.88888888888889,66.14457831325302,86.50306748466258,90.56603773584906,85.0,87.3563684068372,73.49397590361446,79.81927710843374,71.42857142857143,77.0863851226987,Pulled back,4.6,0.3161170201709277,0.1021644013996363,97.3710843373494,68.75662650602409,80.6083650190114,61.21673003802282,97.24770642201835,95.78313253012048,70.37550302408836,62.172151022100415,GREEN,50000000.0,GREEN,0,0,0,70.37550302408836,62.172151022100415,70.37550302408836,62.172151022100415,Hold,Hold,Hold
PERSISTENT SYSTEMS LIMITED,291088.0,PERSISTENTSYSTEMS,PERSISTENTSYSTEMS,PERSISTENT,Persistent Systems Ltd.,INE262H01021,PERSISTENT,Information Technology,Defensive-Stable,79807.10594385678,0.237943352896147,0.336259771497294,0.0608573615718295,38.3013698630137,20.87362545135005,23.527933662785827,42.792013910915166,-0.0507702025580738,-0.1907159328997186,-0.0941216173093046,2.685085789877351,True,False,56.04797989385047,854860.0,-5439919.0,2870760543.017334,0.5366666666666665,0.9299999999999996,Persistent Systems Ltd.,INE262H01021,496.8829705093834,540.4166666666666,10.182075267141716,0.677153569566653,information technology,Large,information technology_Large,69.56521739130434,78.26086956521739,73.91304347826087,71.19205298013244,75.08196721311475,38.855421686746986,12.5,12.5,12.5,19.088855421686745,39.2638036809816,97.48427672955977,73.91304347826086,35.11018731480036,25.903614457831324,9.63855421686747,43.47826086956522,25.735345192036288,Neutral,-2.6,-0.1249941431658934,0.0299611120157537,15.773493975903614,23.303614457831323,69.96197718631178,74.90494296577947,14.067278287461772,35.54216867469879,46.529484038768736,44.38358207853478,GREEN,50000000.0,GREEN,0,0,0,46.529484038768736,44.38358207853478,46.529484038768736,44.38358207853478,Hold,Hold,Hold
THE TATA POWER COMPANY LIMITED,266730.0,THETATAPOWERCOMPANY,,TATAPOWER,Tata Power Co. Ltd.,,TATAPOWER,power,NotCyclical,164535.19447892523,0.1318817991498303,0.1150651256213346,1.9291831357048748,2.5244435990108425,4.244851731472532,-4.656525856012705,32.14833811624174,-0.1249152928270932,0.0298187759880663,-0.0438787155298436,-0.1194604605967735,False,False,38.834904072576,-53694622.0,4314563.0,2176440618.950943,-0.1716666666666668,1.035,Tata Power Co. Ltd.,INE245A01021,90.45713950762016,3692.75,4.1688252376336585,2.2443526515374144,power,Large,power_Large,66.66666666666666,66.66666666666666,66.66666666666666,20.86092715231788,5.901639344262295,52.40963855421686,66.66666666666666,50.0,83.33333333333334,63.10240963855421,45.0920245398773,35.22012578616352,50.0,21.7186917210068,9.33734939759036,48.493975903614455,16.666666666666664,13.532841587387647,Neutral,-2.6,0.0295869176951169,-0.015210650571476,38.5144578313253,4.17710843373494,15.96958174904943,77.18631178707224,33.33333333333333,4.216867469879518,41.24045735999416,33.78313110007231,AMBER,50000000.0,GREEN,1,-1,0,35.054388755995035,28.715661435061463,34.054388755995035,27.715661435061463,Sell,Sell,Sell
INFOSYS LIMITED,265905.0,INFOSYS,INFOSYS,INFY,Infosys Ltd.,INE009A01021,INFY,Information Technology,Defensive-Stable,439491.09132910974,0.3174298884245897,0.4143960481436468,0.0988239348640847,101.6346153846154,6.772202424210705,9.607951408061854,14.911145122111344,-0.1579176540953861,-0.3087745280391943,-0.2850083614393109,-0.2010359026601468,False,False,57.99691317364986,-114273464.0,-212754517.0,12524951870.612366,3.065,0.0549999999999961,Infosys Ltd.,INE009A01021,228.6804193526498,17495.666666666668,4.733243132394668,3.980892220990474,information technology,Large,information technology_Large,95.65217391304348,95.65217391304348,95.65217391304348,28.14569536423841,34.42622950819672,82.83132530120481,87.5,62.5,87.5,81.3328313253012,14.723926380368098,28.93081761006289,43.47826086956522,14.522167476666034,4.518072289156627,1.2048192771084338,17.391304347826086,3.0526746683168726,Neutral,-2.6,-0.1249941431658934,0.0299611120157537,15.773493975903614,23.303614457831323,95.81749049429658,38.40304182509506,1.2232415902140672,1.2048192771084338,51.88910474979706,40.78144716259012,GREEN,50000000.0,GREEN,1,-1,0,51.88910474979706,40.78144716259012,50.88910474979706,39.78144716259012,Hold,Sell,Sell
TATA STEEL LIMITED,247237.82,TATASTEEL,TATASTEEL,TATASTEEL,Tata Steel Ltd.,INE081A01020,TATASTEEL,metals & mining,Cyclical,233438.6358148652,0.0987220048050714,0.1743644700643088,0.9042254348272926,4.793079391656202,-1.560116316308291,6.2216588955034124,21.44393127088602,-0.1058221981053654,0.0369464880752126,0.1844051946634761,0.124508177477373,False,False,37.51083868799527,-115259231.0,293573083.0,5301217265.474129,0.2466666666666667,0.5999999999999996,Tata Steel Ltd.,INE081A01020,81.18175179129156,12136.5,2.284873156839931,5.199010848240724,metals & mining,Large,metals & mining_Large,66.66666666666666,66.66666666666666,66.66666666666666,6.95364238410596,24.262295081967213,71.08433734939759,50.0,62.5,100.0,67.7710843373494,70.85889570552148,56.60377358490566,33.33333333333333,26.799333770626745,15.060240963855422,50.30120481927711,58.333333333333336,21.86471265061145,Neutral,4.6,0.3854891032262384,-0.0501828871424458,100.0,7.160240963855421,54.18250950570342,68.8212927756654,92.35474006116208,1.2048192771084338,56.96430845286392,37.5656746451774,GREEN,50000000.0,GREEN,1,-1,0,56.96430845286392,37.5656746451774,55.96430845286392,36.5656746451774,Hold,Sell,Sell
VARUN BEVERAGES LIMITED,231165.0,VARUNBEVERAGES,VARUNBEVERAGES,VBL,Varun Beverages Ltd.,INE200M01039,VBL,Fast Moving Consumer Goods,NotCyclical,159084.19405590984,0.2304337340315931,0.2741381506994423,0.1281029727244866,25.867346938775512,18.07507901807448,8.38164734106357,51.954341625052194,0.0009567023441825,-0.067079843863103,0.0348864664376111,-0.2654678590808512,False,False,31.894342276118167,-32482773.0,-25381872.0,2520227341.014252,0.4449999999999999,0.6200000000000003,Varun Beverages Ltd.,INE200M01039,57.41686479425212,165.16666666666666,8.12566115312646,0.1038234298805443,fast moving consumer goods,Large,fast moving consumer goods_Large,76.47058823529412,70.58823529411765,73.52941176470588,63.90728476821192,32.131147540983605,29.21686746987952,33.33333333333333,33.33333333333333,22.22222222222222,30.08199464524765,57.36196319018405,22.641509433962263,50.0,21.66724543735772,37.04819277108434,27.40963855421687,55.55555555555556,21.812796919197645,Pulled back,-2.6,0.0647931846270858,-0.0010523907869827,58.39397590361446,11.406024096385542,66.92015209125475,69.96197718631178,8.56269113149847,5.120481927710843,50.73281019920101,36.69190214921914,GREEN,50000000.0,GREEN,0,0,0,50.73281019920101,36.69190214921914,50.73281019920101,36.69190214921914,Hold,Sell,Sell
BHARAT ELECTRONICS LIMITED,215650.0,BHARATELECTRONICS,BHARATELECTRONICS,BEL,Bharat Electronics Ltd.,INE263A01024,BEL,Capital Goods,Cyclical,297688.8102532584,0.2187448705778177,0.303462910733338,0.002709688177422,1149.857142857143,15.90083571585692,16.159703815894645,49.107358999217816,-0.1102611365652153,-0.0117643563922216,0.0011765830772574,0.2348094776281806,False,False,43.88384232434582,-29862476.0,32071435.0,4543657695.939087,-0.3499999999999996,-0.2699999999999996,Bharat Electronics Ltd.,INE263A01024,32.804440778620915,1344.0833333333333,12.409905379909054,0.451506165848107,capital goods,Large,capital goods_Large,83.6734693877551,91.83673469387756,87.75510204081633,57.284768211920536,60.98360655737704,32.22891566265061,75.0,43.75,75.0,58.05722891566265,51.22699386503068,66.35220125786164,38.775510204081634,26.059117554495657,12.650602409638552,39.75903614457831,10.20408163265306,11.047235798710403,Neutral,4.6,0.2847879821526152,0.1204709898575698,86.8289156626506,79.29879518072288,9.125475285171104,17.490494296577946,59.9388379204893,6.024096385542169,59.198736826396896,48.89388088133248,GREEN,50000000.0,GREEN,0,0,0,59.198736826396896,48.89388088133248,59.198736826396896,48.89388088133248,Hold,Hold,Hold
JIO FINANCIAL SERVICES LIMITED,147822.0,JIOFINANCIALSERVICES,JIOFINANCIALSERVICES,JIOFIN,Jio Financial Services Ltd.,INE758E01017,JIOFIN,Financial Services,Sensitive-hybrid,149532.3741757773,0.0116620471711504,0.0148116256803387,0.1626261645237686,3.093959731543624,327.3875616734298,71.95301027900148,95.79268044572537,0.00383383981463,-0.1789198818937827,-0.2603652168599027,-0.0517578563318004,False,False,45.65916319833352,86955828.0,-113902546.0,2681574218.49308,0.0,0.0,Jio Financial Services Ltd.,INE758E01017,210.94066623959,-6073.0,1.1171387580089898,-4.061327878644598,financial services,Large,financial services_Large,3.92156862745098,16.0,9.96078431372549,99.00662251655628,96.0655737704918,11.74698795180723,8.695652173913043,95.65217391304348,34.78260869565217,32.06718177056051,17.177914110429448,42.45283018867924,14.000000000000002,12.271790716518115,38.55421686746988,11.44578313253012,35.294117647058826,14.649769954676453,Neutral,-2.6,0.0626643811533381,0.0569061228228353,48.00240963855421,48.00240963855421,27.18631178707224,32.129277566539926,3.669724770642202,90.36144578313254,37.30423588779863,39.2326343124722,N/A-financial-sector,50000000.0,GREEN,1,-1,0,37.30423588779863,39.2326343124722,36.30423588779863,38.2326343124722,Sell,Sell,Sell
MARUTI SUZUKI INDIA LIMITED,133140.0,MARUTISUZUKIINDIA,MARUTISUZUKIINDIA,MARUTI,Maruti Suzuki India Ltd.,INE585B01010,MARUTI,Automobile and Auto Components,Cyclical,433357.12143928034,0.1369965284258464,0.2000410225810662,0.0009518832356564,89.77405857740585,15.957823026954363,19.88254759242183,29.52023988005997,0.0239209568382734,-0.1466691431401684,0.1133273335512059,0.969000824079586,True,False,50.60355781448538,2435834.0,12466709.0,5037533566.5,-0.2483333333333336,-0.7650000000000006,Maruti Suzuki India Ltd.,INE585B01010,3408.115558583106,4685.083333333333,4.044170381866441,1.081113728504813,automobile and auto components,Large,automobile and auto components_Large,42.85714285714285,47.61904761904761,45.238095238095234,57.615894039735096,70.81967213114754,57.53012048192772,66.66666666666666,77.77777777777779,77.77777777777779,68.82697456492637,65.95092024539878,87.73584905660378,50.0,33.94779488366709,45.18072289156627,14.759036144578314,33.33333333333333,31.03067500837743,Neutral,4.6,0.3161170201709277,0.1021644013996363,97.3710843373494,68.75662650602409,12.167300380228136,8.365019011406844,45.87155963302752,45.18072289156627,55.437851726775705,50.7018725074953,GREEN,50000000.0,GREEN,0,0,0,55.437851726775705,50.7018725074953,55.437851726775705,50.7018725074953,Hold,Hold,Hold
BAJAJ HOUSING FINANCE LIMITED,130770.0,BAJAJHOUSINGFINANCE,BAJAJHOUSINGFINANCE,BAJAJHFL,Bajaj Housing Finance Ltd.,INE377Y01014,BAJAJHFL,Financial Services,NotCyclical,72021.89154112378,0.1208441862315417,,4.604359987568263,,,,28.13355138325148,-0.0352953878677542,-0.0834129293254791,-0.2849573467013748,-0.4765454378995029,True,False,46.88632933117773,86829177.0,-509493733.0,329569859.2828102,,,Bajaj Housing Finance Ltd.,INE377Y01014,27.01000390625,-12096.42857142857,3.1977041930970023,-16.79548858352551,financial services,Large,financial services_Large,43.13725490196079,,43.13725490196079,,,60.24096385542169,43.47826086956522,47.82608695652174,10.869565217391305,42.01676270298586,15.030674846625766,7.861635220125786,8.0,5.148718344458592,29.518072289156628,24.69879518072289,21.5686274509804,25.573198707168867,Neutral,-2.6,0.0626643811533381,0.0569061228228353,48.00240963855421,48.00240963855421,,,1.2232415902140672,90.06024096385542,32.56379873415346,41.329558479639005,N/A-financial-sector,50000000.0,GREEN,0,0,0,32.56379873415346,41.329558479639005,32.56379873415346,41.329558479639005,Sell,Hold,Sell
DEEPAK NITRITE LIMITED,130267.5,DEEPAKNITRITE,DEEPAKNITRITE,DEEPAKNTR,Deepak Nitrite Ltd.,INE288B01029,DEEPAKNTR,Chemicals,Cyclical,23779.282133406763,0.0943978070926846,0.1312374581939799,0.2806236080178174,21.32608695652174,-0.3566813067406693,-4.769379376962091,43.156591893660185,0.1344275245096655,0.1085794952634822,-0.1202614055902091,-0.0920411912508839,True,True,65.56309072122366,3281915.0,4087394.0,257548321.51989743,0.9400000000000004,0.8250000000000002,Deepak Nitrite Ltd.,INE288B01029,427.5523049001815,24.83333333333333,4.07388763635545,0.1044326451657082,chemicals,Mid,chemicals_Mid,15.789473684210526,26.31578947368421,21.052631578947366,9.602649006622515,5.573770491803279,38.55421686746988,62.5,62.5,37.5,51.51355421686747,36.19631901840491,38.05031446540881,52.63157894736842,42.29273747706071,68.97590361445783,62.34939759036144,57.89473684210527,61.517036943519145,Neutral,4.6,-0.032037039590392,0.1646485349935498,36.52771084337349,90.14216867469878,79.08745247148289,72.6235741444867,32.415902140672785,49.09638554216868,36.23594779995161,50.96681265417368,GREEN,10000000.0,GREEN,2,-3,0,36.23594779995161,50.96681265417368,33.23594779995161,47.96681265417368,Sell,Hold,Sell
ITC LIMITED,110215.0,ITC,ITC,ITC,ITC Ltd.,INE154A01025,ITC,Fast Moving Consumer Goods,Defensive-Stable,355625.58620737074,0.2898754603003848,0.3645368862307425,0.0330864606175955,321.2470588235294,3.604688236770959,4.706397780226501,16.92004882516751,-0.0732749077070498,-0.1247963473316337,-0.3014438862858276,0.7064917124496883,False,False,32.396722062320364,-94755002.0,-566100717.0,4178945102.380905,5.086666666666666,-0.0749999999999992,ITC Ltd.,INE154A01025,56.955493862403664,11656.666666666666,4.904706941500416,3.2777919021466264,fast moving consumer goods,Large,fast moving consumer goods_Large,88.23529411764706,94.11764705882352,91.17647058823528,17.549668874172188,20.327868852459016,78.3132530120482,83.33333333333334,38.88888888888889,88.88888888888889,74.30053547523427,11.96319018404908,82.0754716981132,22.22222222222222,19.37681401739741,19.879518072289155,17.46987951807229,27.77777777777778,12.614857021791169,Pulled back,-2.6,0.0647931846270858,-0.0010523907869827,58.39397590361446,11.406024096385542,99.04942965779468,25.475285171102666,1.2232415902140672,2.710843373493976,53.26772358627555,36.6649909271073,GREEN,50000000.0,GREEN,1,-1,0,53.26772358627555,36.6649909271073,52.26772358627555,35.6649909271073,Hold,Sell,Sell
BANDHAN BANK LIMITED,109846.0,BANDHANBANK,BANDHANBANK,BANDHANBNK,Bandhan Bank Ltd.,INE545U01014,BANDHANBNK,financial services,NotCyclical,34532.90496826172,0.0938251697424089,,0.5663208742477035,,,,28.2131576538086,0.2222539310323232,0.4955709386310789,0.2322955980964798,0.0663596189882982,True,True,57.3426124942253,126250819.0,370133393.0,1971335900.297203,1.893333333333333,2.53,Bandhan Bank Ltd.,INE545U01014,156.81830065359478,2737.9,1.3673148942137203,7.928380200033365,financial services,Mid,financial services_Mid,31.37254901960784,,31.37254901960784,,,59.93975903614458,60.0,70.0,95.0,68.98493975903614,75.15337423312883,51.886792452830186,76.0,67.68005556198634,83.73493975903614,89.7590361445783,96.07843137254902,89.12320784263196,Neutral,-2.6,0.0626643811533381,0.0569061228228353,48.00240963855421,48.00240963855421,91.25475285171105,89.73384030418251,94.80122324159022,94.87951807228916,60.50644105949474,66.70690325264225,N/A-financial-sector,10000000.0,GREEN,0,0,0,60.50644105949474,66.70690325264225,60.50644105949474,66.70690325264225,Hold,Hold,Hold
ULTRATECH CEMENT LIMITED,107450.0,ULTRATECHCEMENT,ULTRATECHCEMENT,ULTRACEMCO,UltraTech Cement Ltd.,INE481G01011,ULTRACEMCO,Construction Materials,Cyclical,347820.0938289426,0.1068594696178742,0.1693979816495482,0.3100203591564001,9.083333333333334,11.85878496407522,16.532157198341114,42.47924936845904,-0.0222609851316554,-0.0394940840473275,-0.0535623763707185,0.6494244497894892,True,False,57.02891326021934,-3622794.0,-4143758.0,3072316557.0,0.2116666666666663,-0.0050000000000007,UltraTech Cement Ltd.,INE481G01011,2593.125354176844,3996.1666666666665,4.539310057278954,1.1489177127966548,construction materials,Large,construction materials_Large,50.0,50.0,50.0,45.033112582781456,62.62295081967213,39.45783132530121,16.666666666666664,16.666666666666664,66.66666666666666,32.364457831325296,43.25153374233129,81.44654088050315,66.66666666666666,31.89412354825018,31.024096385542173,32.22891566265061,66.66666666666666,42.60366824559787,Neutral,4.6,-0.1509704927977866,0.0022590895968447,8.967469879518072,22.220481927710843,50.95057034220533,30.03802281368821,15.59633027522936,16.265060240963855,34.818494771218354,38.91291242722638,GREEN,50000000.0,GREEN,0,0,0,34.818494771218354,38.91291242722638,34.818494771218354,38.91291242722638,Sell,Sell,Sell
SUMITOMO CHEMICAL INDIA LIMITED,104787.5,SUMITOMOCHEMICALINDIA,SUMITOMOCHEMICALINDIA,SUMICHEM,Sumitomo Chemical India Ltd.,INE258G01013,SUMICHEM,Chemicals,Cyclical,26977.816486358643,0.1601769911504424,0.1943237764262959,0.0185840707964601,83.875,-2.662092696086016,2.82629406160686,49.68290328979492,0.228662286156722,0.2565085366218731,-0.0014750626137752,0.2656609875557838,True,True,75.4904395478342,36423890.0,43119221.0,126270324.27270508,0.0983333333333332,0.3699999999999999,Sumitomo Chemical India Ltd.,INE258G01013,67.92486187845304,278.8888888888889,7.95805796057777,1.0337711691007658,chemicals,Mid,chemicals_Mid,57.89473684210527,63.1578947368421,60.526315789473685,4.966887417218543,15.40983606557377,31.92771084337349,37.5,25.0,75.0,41.10692771084337,50.30674846625767,68.86792452830188,68.42105263157895,62.531908542046175,85.2409638554217,78.3132530120482,73.68421052631578,76.53043184314515,Extended,4.6,-0.032037039590392,0.1646485349935498,36.52771084337349,90.14216867469878,40.3041825095057,61.97718631178707,63.30275229357798,81.92771084337349,41.73053654894129,60.28598860218517,GREEN,10000000.0,GREEN,0,0,0,41.73053654894129,60.28598860218517,41.73053654894129,60.28598860218517,Hold,Hold,Hold
ASIAN PAINTS LIMITED,97780.0,ASIANPAINTS,ASIANPAINTS,ASIANPAINT,Asian Paints Ltd.,INE021A01026,ASIANPAINT,Consumer Durables,NotCyclical,260707.61333777755,0.2389933881273242,0.3121739123617077,0.1838386674153097,34.35897435897436,1.047301745919893,4.948976582315812,59.31913841587657,0.071958680030211,-0.0652719311140891,0.1077878533525089,-0.0574259649050356,True,True,50.76954706531553,652717.0,16255483.0,2602811989.9769287,0.1066666666666664,0.3399999999999989,Asian Paints Ltd.,INE021A01026,219.263590443686,2187.083333333333,12.198559486139697,0.8389027483058994,consumer durables,Large,consumer durables_Large,76.92307692307693,84.61538461538461,80.76923076923077,12.91390728476821,20.983606557377048,23.795180722891565,30.76923076923077,23.07692307692308,46.15384615384615,30.56417979610751,65.33742331288343,41.82389937106918,84.61538461538461,63.92556909977908,56.32530120481928,27.710843373493976,69.23076923076923,51.01201656316261,Neutral,-2.6,-0.0545950121457875,0.0328981059257301,24.50843373493976,28.72530120481928,41.44486692015209,59.31558935361216,50.764525993883794,34.036144578313255,43.9483067823161,45.35307311312107,GREEN,50000000.0,GREEN,1,-1,0,43.9483067823161,45.35307311312107,42.9483067823161,44.35307311312107,Hold,Hold,Hold
PIRAMAL PHARMA LIMITED,96798.26,PIRAMALPHARMA,PIRAMALPHARMA,PPLPHARMA,Piramal Pharma Ltd.,INE0DK501011,PPLPHARMA,Healthcare,NotCyclical,23257.77053521604,-0.0134819648564479,0.0808690854618666,0.6952952707669688,2.7038123167155423,7.788619768244298,-3.081630422904602,-71.34285440250318,0.1747429341568711,0.038191925947201,-0.1297480334306345,0.1364125135329874,True,True,55.68044662877101,144203720.0,239169336.0,577412237.7075958,-2.056666666666667,-1.9400000000000024,Piramal Pharma Ltd.,INE0DK501011,61.34018404907976,124.33333333333331,2.8495185659416857,0.5345883568034713,healthcare,Mid,healthcare_Mid,8.108108108108109,8.108108108108109,8.108108108108109,31.456953642384107,7.213114754098362,99.09638554216868,100.0,90.0,60.0,89.77409638554217,34.04907975460122,58.17610062893082,20.0,37.40839346117735,78.01204819277109,50.60240963855421,48.64864864864865,58.51965749711422,Neutral,-2.6,0.1867000399901438,0.2174472393134507,66.67710843373494,91.97831325301205,1.3307984790874523,1.3307984790874523,89.90825688073394,95.48192771084338,42.3730274689292,45.66045256400175,AMBER,10000000.0,GREEN,1,-1,0,36.01707334858982,38.811384679401485,35.01707334858982,37.811384679401485,Sell,Sell,Sell
MOTHERSON SUMI WIRING INDIA LIMITED,96606.82,MOTHERSONSUMIWIRINGINDIA,MOTHERSONSUMIWIRINGINDIA,MSUMI,Motherson Sumi Wiring India Ltd.,INE0FS801015,MSUMI,Automobile and Auto Components,Cyclical,26396.277103018256,660.2935541595302,1.368919066007204,0.1078204534937529,40.76923076923077,17.54113856218926,23.167721858568523,42.234043364829205,0.0277169387118458,-0.1190676663038409,-0.0472427522555979,-0.1369986582043123,True,False,53.1382275972462,237329349.0,346227375.0,347082246.4857044,0.0549999999999997,-0.1100000000000012,Motherson Sumi Wiring India Ltd.,INE0FS801015,3.250144,307.3333333333333,12.214843638601693,1.1643056031495882,automobile and auto components,Mid,automobile and auto components_Mid,97.61904761904762,97.61904761904762,97.61904761904762,62.251655629139066,74.75409836065575,40.36144578313253,57.14285714285714,28.57142857142857,85.71428571428571,52.94750430292599,44.47852760736196,33.64779874213836,15.0,15.521054391583386,46.08433734939759,18.373493975903614,42.85714285714285,35.45783530109007,Neutral,4.6,0.3161170201709277,0.1021644013996363,97.3710843373494,68.75662650602409,34.22053231939163,23.954372623574145,94.18960244648318,97.59036144578312,66.00519692697088,60.499074850114965,GREEN,10000000.0,GREEN,0,0,0,66.00519692697088,60.499074850114965,66.00519692697088,60.499074850114965,Hold,Hold,Hold
POONAWALLA FINCORP LIMITED,92100.0,POONAWALLAFINCORP,POONAWALLAFINCORP,POONAWALLA,Poonawalla Fincorp Ltd.,INE511C01022,POONAWALLA,Financial Services,Sensitive-hybrid,38366.61119818509,0.0523722098753502,,1.0938254903855444,,46.106806519855546,62.05250596658711,70.7871055317068,0.1175147784532175,0.0019098013718501,0.0387196272712953,2.083403029092453,True,True,62.17043159126905,39490448.0,174308413.0,561909746.7865753,0.34,0.8000000000000003,Poonawalla Fincorp Ltd.,INE511C01022,127.35761992619923,-3574.0,3.707277147375117,-9.31539139992918,financial services,Mid,financial services_Mid,13.725490196078432,,13.725490196078432,93.3774834437086,94.42622950819673,19.879518072289155,30.0,40.0,10.0,25.46987951807229,57.66871165644172,95.59748427672956,52.0,68.4220653110571,64.45783132530121,43.67469879518072,70.58823529411765,58.35654531240629,Neutral,-2.6,0.0626643811533381,0.0569061228228353,48.00240963855421,48.00240963855421,61.40684410646388,71.86311787072243,86.54434250764525,82.83132530120481,53.314690615192745,52.68308660453131,N/A-financial-sector,10000000.0,GREEN,0,0,0,53.314690615192745,52.68308660453131,53.314690615192745,52.68308660453131,Hold,Hold,Hold
GAIL (INDIA) LIMITED,81615.0,GAILINDIA,GAILINDIA,GAIL,GAIL (India) Ltd.,INE129A01019,GAIL,Oil Gas & Consumable Fuels,Cyclical,112914.59418079282,0.136195754319489,0.1467526755803182,0.2788464777818953,11.939834024896266,-0.9401527620775064,-0.2149355545689624,14.892455048904354,0.0888396324460496,0.0714161805242949,-0.0209280226572265,-0.1981569102398855,True,True,49.92942678269692,33976282.0,-54750174.0,1321593068.5231476,-0.2700000000000002,-0.2149999999999989,GAIL (India) Ltd.,INE129A01019,135.4174320759694,1963.25,1.2680051901850982,1.7387034990858214,oil gas & consumable fuels,Large,oil gas & consumable fuels_Large,44.44444444444444,44.44444444444444,44.44444444444444,8.940397350993377,9.508196721311474,83.13253012048193,28.57142857142857,71.42857142857143,28.57142857142857,50.78313253012048,48.77300613496933,29.55974842767296,66.66666666666666,48.33314040976965,59.63855421686747,56.62650602409639,100.0,72.09541073538492,Neutral,4.6,-0.0199558700969657,-0.0106041295316716,40.744578313253015,14.539759036144575,11.02661596958175,19.39163498098859,5.504587155963304,80.72289156626506,33.21070957727131,42.41890034299658,GREEN,50000000.0,GREEN,2,-3,0,33.21070957727131,42.41890034299658,30.21070957727131,39.41890034299658,Sell,Sell,Sell
TATA MOTORS LIMITED,78960.0,TATAMOTORS,TATAMOTORS,TMCV,Tata Motors Ltd.,INE1TAE01010,TMCV,Capital Goods,Cyclical,151886.56901733842,0.2379456572954295,0.4151179900812033,0.4409455002355897,8.715102974828376,,,50.12758053377506,-0.0483417304117896,-0.0163693022865943,0.2663740617374355,0.2663740617374355,True,,49.34504381610093,41335824.0,-20009702.0,3008295055.770767,,,Tata Motors Ltd.,INE1TAE01010,34.5877293729373,9941.5,11.927640098738683,6.545345032361051,capital goods,Large,capital goods_Large,89.79591836734694,100.0,94.89795918367346,,,31.024096385542173,68.75,50.0,100.0,61.818524096385545,76.99386503067484,69.18238993710692,59.18367346938776,68.4533094790565,26.80722891566265,37.95180722891566,22.448979591836736,29.134834197194923,Neutral,4.6,0.2847879821526152,0.1204709898575698,86.8289156626506,79.29879518072288,,,9.785932721712538,83.43373493975903,70.16005844013296,62.670625701612735,GREEN,50000000.0,GREEN,0,0,3,70.16005844013296,62.670625701612735,73.16005844013296,65.67062570161274,Hold,Hold,Hold
IDFC FIRST BANK LIMITED,69848.92,IDFCFIRSTBANK,IDFCFIRSTBANK,IDFCFIRSTB,IDFC First Bank Ltd.,INE092T01019,IDFCFIRSTB,financial services,NotCyclical,68299.5069697579,0.0651355189097184,,0.7775065795059003,,,,42.39572127235127,0.1745185004340277,-0.0443587312655184,0.0538348430365982,-0.0027647270008427,True,True,55.30342462850167,118365427.0,318941119.0,1491607914.9153976,1.995,2.2949999999999986,IDFC First Bank Ltd.,INE092T01019,54.69082557417753,8345.1,1.4496032551523452,12.218389810185744,financial services,Large,financial services_Large,19.607843137254903,,19.607843137254903,,,39.75903614457831,21.73913043478261,82.6086956521739,100.0,54.07019381875327,59.50920245398773,45.28301886792453,60.0,54.93074044063743,77.71084337349397,30.42168674698795,84.31372549019608,63.61840940737584,Neutral,-2.6,0.0626643811533381,0.0569061228228353,48.00240963855421,48.00240963855421,91.63498098859316,87.83269961977186,93.57798165137616,94.27710843373494,51.71592813585602,53.694746124737634,N/A-financial-sector,50000000.0,GREEN,0,0,0,51.71592813585602,53.694746124737634,51.71592813585602,53.694746124737634,Hold,Hold,Hold
SUZLON ENERGY LIMITED,67350.0,SUZLONENERGY,SUZLONENERGY,SUZLON,Suzlon Energy Ltd.,INE040H01021,SUZLON,Capital Goods,Cyclical,70549.83427514334,0.3342138630600169,0.3015968063872255,0.0587489433643279,6.541125541125541,40.98305859156086,53.64554637281911,22.30472155394984,-0.0212805515233429,0.0603958988072319,-0.2058374192874444,6.119372449504834,False,True,24.829601466151686,386544304.0,138867105.0,4034030956.549282,0.2666666666666669,3.750000000000001,Suzlon Energy Ltd.,INE040H01021,6.971583939298134,260.75,7.454547155023599,0.3695968993819018,capital goods,Large,capital goods_Large,95.91836734693877,89.79591836734694,92.85714285714286,92.05298013245032,93.11475409836063,69.87951807228916,93.75,75.0,62.5,77.78237951807229,27.30061349693252,99.05660377358492,20.40816326530612,48.92179351194118,32.53012048192771,54.51807228915663,24.489795918367346,21.10670463496011,Pulled back,4.6,0.2847879821526152,0.1204709898575698,86.8289156626506,79.29879518072288,55.893536121673,96.1977186311787,82.87461773700305,99.09638554216868,79.3051729210368,71.21877079111306,GREEN,50000000.0,GREEN,0,0,3,79.3051729210368,71.21877079111306,82.3051729210368,74.21877079111306,Hold,Hold,Hold
LIFE INSURANCE CORPORATION OF INDIA,63832.0,LIFEINSURANCECORPORATIONOFINDIA,LIFEINSURANCECORPORATIONOFINDIA,LICI,Life Insurance Corporation of India,INE0J1Y01017,LICI,Financial Services,NotCyclical,554417.6397769579,0.4945466494548318,0.4569185635125533,0.0,,7.611313253053642,9.865725810982395,9.649933681042905,0.0833818994791668,0.0786276443895299,-0.0144791591042804,-0.0980544969935807,True,True,60.78873937591503,62764949.0,67046691.0,1269648314.5676422,-0.048,-0.02,Life Insurance Corporation of India,INE0J1Y01017,139.61671453187824,23726.125,3.1393088518272867,4.27946791331261,financial services,Large,financial services_Large,100.0,92.0,96.0,30.132450331125828,35.73770491803279,89.7590361445783,86.95652173913044,52.17391304347826,91.30434782608695,81.57019381875327,49.693251533742334,37.735849056603776,46.0,44.4763668634487,58.43373493975904,57.53012048192772,64.70588235294117,59.14437198728448,Neutral,-2.6,0.0626643811533381,0.0569061228228353,48.00240963855421,48.00240963855421,21.29277566539924,29.087452471482887,70.33639143730886,87.04819277108435,60.14765230754315,63.28689434983566,N/A-financial-sector,50000000.0,GREEN,0,0,3,60.14765230754315,63.28689434983566,63.14765230754315,66.28689434983566,Hold,Hold,Hold
TATA MOTORS PASSENGER VEHICLES LIMITED,59240.0,TATAMOTORSPASSENGERVEHICLES,TATAMOTORSPASSENGERVEHICLES,TMPV,Tata Motors Passenger Vehicles Ltd.,INE155A01022,TMPV,Automobile and Auto Components,Cyclical,122560.1590737012,0.7374540457579327,0.0979144980829283,0.7059017739229754,6.621506897771489,-1.010759043928677,-8.33447147453933,1.4829712514211528,-0.0599820891692386,-0.043589580738684,-0.503999464967946,0.0942201513270275,False,False,33.04277971931582,20901899.0,-281311798.0,3575092561.7944946,,,Tata Motors Passenger Vehicles Ltd.,INE155A01022,303.39517599370805,4862.416666666667,1.0936231491032335,3.967371373712616,automobile and auto components,Large,automobile and auto components_Large,97.61904761904762,9.523809523809524,53.57142857142857,8.609271523178808,3.934426229508197,95.18072289156626,88.88888888888889,100.0,100.0,94.90629183400269,1.2269938650306749,54.40251572327044,5.0,10.104918264716853,24.09638554216868,30.72289156626506,14.285714285714285,13.213220593759754,Pulled back,4.6,0.3161170201709277,0.1021644013996363,97.3710843373494,68.75662650602409,,,1.2232415902140672,75.30120481927712,50.62115233888127,47.84816146198012,GREEN,50000000.0,GREEN,1,-1,0,50.62115233888127,47.84816146198012,49.62115233888127,46.84816146198012,Hold,Hold,Hold
BHARAT HEAVY ELECTRICALS LIMITED,35241.0,BHARATHEAVYELECTRICALS,BHARATHEAVYELECTRICALS,BHEL,Bharat Heavy Electricals Ltd.,INE257A01026,BHEL,Capital Goods,Cyclical,151443.47613790762,0.0019047779318083,0.0196627666960654,0.313126290828425,2.608519269776876,13.076716943017727,19.206746885916925,94.65217258619226,0.3371003512197097,0.639615943932696,0.6865670777248156,0.3299266391990902,True,True,66.26959822387948,95811703.0,645511991.0,4889083715.246857,1.0933333333333335,-0.4299999999999997,Bharat Heavy Electricals Ltd.,INE257A01026,75.16975,-261.0833333333333,5.792223519387578,-0.1723965534808414,capital goods,Large,capital goods_Large,4.081632653061225,2.0408163265306123,3.0612244897959187,48.34437086092716,67.21311475409836,12.650602409638552,43.75,100.0,18.75,42.22515060240964,93.25153374233128,71.38364779874213,83.6734693877551,82.7695503096095,91.26506024096386,93.97590361445783,85.71428571428571,88.69145670084785,Neutral,4.6,0.2847879821526152,0.1204709898575698,86.8289156626506,79.29879518072288,82.88973384030417,12.547528517110266,96.02446483180428,91.86746987951808,55.35071625173212,57.43211872106691,AMBER,50000000.0,GREEN,0,0,0,47.04810881397231,48.81730091290687,47.04810881397231,48.81730091290687,Hold,Hold,Hold
COCHIN SHIPYARD LIMITED,34668.0,COCHINSHIPYARD,COCHINSHIPYARD,COCHINSHIP,Cochin Shipyard Ltd.,INE704P01025,COCHINSHIP,Capital Goods,Cyclical,37031.8398496653,0.1360390679223376,0.137593747953711,0.2846926613315171,8.815217391304348,28.53316086531994,4.190871369294613,51.64831220315942,-0.0893261685670174,-0.088629092463859,-0.2861727414492099,-0.4917866214847949,False,False,41.80608509170854,-11158855.0,28876034.0,1837889297.206543,0.1733333333333334,-0.9999999999999998,Cochin Shipyard Ltd.,INE704P01025,223.12485355648536,-48.66666666666666,6.305438421533339,-0.1314184411690971,capital goods,Mid,capital goods_Mid,46.93877551020408,22.448979591836736,34.69387755102041,81.78807947019867,19.34426229508197,29.81927710843373,71.42857142857143,64.28571428571429,42.85714285714285,53.883390705679865,14.417177914110429,6.289308176100629,10.20408163265306,5.15176128714402,16.867469879518072,23.795180722891565,16.3265306122449,10.317588359938236,Neutral,4.6,0.2847879821526152,0.1204709898575698,86.8289156626506,79.29879518072288,47.14828897338403,6.4638783269961975,58.1039755351682,10.843373493975903,53.94818790965858,34.02649118869284,GREEN,10000000.0,GREEN,2,-3,0,53.94818790965858,34.02649118869284,50.94818790965858,31.026491188692837,Hold,Sell,Sell
INDIAN RAILWAY CATERING AND TOURISM CORPORATION LIMITED,32373.0,INDIANRAILWAYCATERINGANDTOURISMCORPORATION,INDIANRAILWAYCATERINGANDTOURISMCORPORATION,IRCTC,Indian Railway Catering And Tourism Corporation Ltd.,INE335Y01020,IRCTC,Consumer Services,Defensive-Stable,39974.78137186009,0.3232768623810629,0.379498861047836,0.0187978649338593,92.55555555555556,13.773939302582704,11.55080213903743,28.69689976443653,-0.109230251206646,-0.1988257886889172,-0.3418195884167289,0.0782277640478386,False,False,37.067396124763135,-5909794.0,-57143476.0,454167601.95062256,1.0,0.5249999999999995,Indian Railway Catering And Tourism Corporation Ltd.,INE335Y01020,53.885699928212496,851.75,9.277043715910905,2.130718344840236,consumer services,Mid,consumer services_Mid,93.75,96.875,95.3125,50.331125827814574,43.60655737704919,59.036144578313255,75.0,50.0,100.0,71.00903614457832,9.509202453987731,52.83018867924528,26.666666666666668,14.834342966649947,13.55421686746988,7.83132530120482,9.375,6.420017415636137,Neutral,-2.6,-0.1340012663032905,0.0450431129232243,7.490361445783133,35.50240963855422,80.03802281368822,66.92015209125475,5.198776758409786,13.55421686746988,52.43042363985887,45.904335755211726,GREEN,10000000.0,GREEN,1,-1,0,52.43042363985887,45.904335755211726,51.43042363985887,44.904335755211726,Hold,Hold,Hold
INDIAN ENERGY EXCHANGE LIMITED,30253.5,INDIANENERGYEXCHANGE,INDIANENERGYEXCHANGE,IEX,Indian Energy Exchange Ltd.,INE022Q01020,IEX,Financial Services,Sensitive-hybrid,11120.582088035871,0.3614369501466276,0.3781818181818182,0.0080645161290322,260.0,15.383961744348728,14.711359404096823,22.556961639018,0.0051809180696744,-0.0798838565827453,-0.3808883670066054,-0.0141093988088454,True,False,49.42931944011379,31494953.0,10357354.0,554208113.1632195,-1.636666666666667,-1.3400000000000007,Indian Energy Exchange Ltd.,INE022Q01020,15.30004056795132,297.5,8.152919419381139,2.675219675056998,financial services,Small,financial services_Small,90.19607843137256,80.0,85.09803921568627,54.966887417218544,55.08196721311476,68.67469879518072,75.0,25.0,75.0,63.41867469879518,6.748466257668712,44.33962264150944,2.0,8.848014816529691,39.45783132530121,25.301204819277107,39.21568627450981,34.71530886235133,Neutral,-2.6,0.0626643811533381,0.0569061228228353,48.00240963855421,48.00240963855421,1.3307984790874523,2.6615969581749046,43.42507645259938,79.21686746987952,49.54111188624503,52.01585366778674,N/A-financial-sector,2500000.0,GREEN,1,-1,0,49.54111188624503,52.01585366778674,48.54111188624503,51.01585366778674,Hold,Hold,Hold
CMS INFO SYSTEMS LIMITED,29035.0,CMSINFOSYSTEMS,CMSINFOSYSTEMS,CMSINFO,CMS Info Systems Ltd.,INE925R01014,CMSINFO,Services,Sensitive-hybrid,4407.721207236312,0.1245376078914919,0.2245666917859834,0.0908343608713522,31.36842105263158,9.102742867969129,2.556701030927844,14.546934677347563,-0.1429027603384641,-0.1823839028737223,-0.4784444798806557,0.1953589311368917,False,False,32.88690787053648,-2732338.0,-20809705.0,128891195.35302734,4.5183333333333335,11.025000000000002,CMS Info Systems Ltd.,INE925R01014,147.98742574257426,144.77777777777777,1.8116404468706584,3.284640088853419,services,Small,services_Small,27.27272727272727,63.63636363636363,45.45454545454545,35.099337748344375,14.754098360655735,83.73493975903614,85.71428571428571,100.0,71.42857142857143,85.21944922547333,2.7607361963190185,64.15094339622641,18.181818181818183,14.1822496290606,7.228915662650602,10.843373493975903,18.181818181818183,7.753660436020466,Pulled back,-2.6,-0.1118448234365889,0.0124246041506802,20.893975903614457,17.580722891566264,97.71863117870724,99.04942965779468,9.174311926605505,17.46987951807229,45.26275155884133,36.36738892430405,GREEN,2500000.0,GREEN,0,0,0,45.26275155884133,36.36738892430405,45.26275155884133,36.36738892430405,Hold,Sell,Sell
HINDUSTAN COPPER LIMITED,26742.5,HINDUSTANCOPPER,HINDUSTANCOPPER,HINDCOPPER,Hindustan Copper Ltd.,INE531E01026,HINDCOPPER,Metals & Mining,Cyclical,46854.49006411904,0.0640888254720158,0.2022732862140332,0.0332037092431947,292.4,22.43676633325589,48.62385321100917,50.98421116879112,-0.1298059156512965,-0.1007015252712398,0.8565707537116369,0.4288771050060995,False,True,37.7057695109886,-7295995.0,878281733.0,1958414818.888977,-0.2133333333333337,-1.240000000000001,Hindustan Copper Ltd.,INE531E01026,34.557671381936885,252.375,14.015701484929416,0.5386356775084564,metals & mining,Large,metals & mining_Large,16.666666666666664,83.33333333333334,50.0,74.50331125827815,91.47540983606557,30.72289156626506,12.5,12.5,25.0,19.555722891566266,95.39877300613496,75.47169811320755,91.66666666666666,87.51237926200308,8.433734939759036,21.686746987951807,41.66666666666667,13.193947814630723,Neutral,4.6,0.3854891032262384,-0.0501828871424458,100.0,7.160240963855421,13.307984790874524,3.802281368821293,99.08256880733946,12.349397590361445,60.14310748092522,28.755983145198787,GREEN,50000000.0,GREEN,0,0,0,60.14310748092522,28.755983145198787,60.14310748092522,28.755983145198787,Hold,Sell,Sell
TATA TECHNOLOGIES LIMITED,20368.0,TATATECHNOLOGIES,TATATECHNOLOGIES,TATATECH,Tata Technologies Ltd.,INE142M01025,TATATECH,information technology,NotCyclical,31111.13249054635,0.1870406652539739,0.2359694030977844,0.2391027275044608,25.08823529411765,7.646841789781145,6.540247678018574,56.875927770651465,0.3484375502259962,0.1772916447654948,0.0966518240442788,-0.2140094116305294,True,True,61.05000162427782,23471524.0,67149900.0,801312767.8529663,,,Tata Technologies Ltd.,INE142M01025,96.5330530164534,435.375,7.930444172966186,1.399418681182037,information technology,Mid,information technology_Mid,47.82608695652174,47.82608695652174,47.82608695652174,30.79470198675497,26.229508196721312,25.0,42.85714285714285,71.42857142857143,85.71428571428571,52.67857142857143,64.11042944785275,27.044025157232703,82.6086956521739,57.92105008575312,91.86746987951808,71.98795180722891,95.65217391304348,85.39753170416904,Neutral,-2.6,-0.1249941431658934,0.0299611120157537,15.773493975903614,23.303614457831323,,,70.64220183486239,76.80722891566265,44.72448726184847,52.4804682106781,GREEN,10000000.0,GREEN,0,0,0,44.72448726184847,52.4804682106781,44.72448726184847,52.4804682106781,Hold,Hold,Hold
ANAND RATHI WEALTH LIMITED,18008.0,ANANDRATHIWEALTH,ANANDRATHIWEALTH,ANANDRATHI,Anand Rathi Wealth Ltd.,INE463V01026,ANANDRATHI,Financial Services,Sensitive-hybrid,34645.456935355905,0.3973973973973974,0.5415896487985212,0.083083083083083,36.625,30.87190406342706,27.857142857142847,87.26815348956148,0.1428696015425845,0.3511963850678148,0.6437418427204624,13.94615067344969,True,True,67.59150313248706,5625449.0,44991911.0,713102962.296875,0.1766666666666667,0.1999999999999998,Anand Rathi Wealth Ltd.,INE463V01026,59.9651637279597,131.0,34.68013707242834,0.3781159539746572,financial services,Mid,financial services_Mid,96.07843137254902,100.0,98.0392156862745,85.09933774834437,80.65573770491802,14.759036144578314,20.0,5.0,40.0,19.68975903614458,92.0245398773006,99.05660377358492,94.0,95.0270478836285,71.3855421686747,85.54216867469879,76.47058823529412,76.04028271297382,Neutral,-2.6,0.0626643811533381,0.0569061228228353,48.00240963855421,48.00240963855421,47.52851711026616,52.47148288973384,64.83180428134557,57.831325301204814,68.22002995981035,64.84162564299812,N/A-financial-sector,10000000.0,GREEN,0,0,0,68.22002995981035,64.84162564299812,68.22002995981035,64.84162564299812,Hold,Hold,Hold
HDB FINANCIAL SERVICES LIMITED,13132.0,HDBFINANCIALSERVICES,HDBFINANCIALSERVICES,HDBFS,HDB Financial Services Ltd.,INE756I01012,HDBFS,Financial Services,Sensitive-hybrid,59871.83613752743,0.1375474083438685,,5.5245259165613145,,23.161240987743547,15.007408452691728,27.514630577907827,0.1024378681076187,-0.0125677279858058,-0.1033818336971376,-0.1005031180591554,True,True,54.3026802968569,19071339.0,4198153.0,251242522.9081116,,,HDB Financial Services Ltd.,INE756I01012,198.7678308823529,-10985.6,3.784566127530179,-18.348526968115262,financial services,Large,financial services_Large,54.90196078431373,,54.90196078431373,75.82781456953643,56.0655737704918,61.14457831325302,47.82608695652174,39.130434782608695,10.869565217391305,42.025275013095865,38.036809815950924,36.79245283018868,34.0,36.27642088204653,61.14457831325302,39.45783132530121,68.62745098039215,55.97968550996311,Neutral,-2.6,0.0626643811533381,0.0569061228228353,48.00240963855421,48.00240963855421,,,32.7217125382263,73.79518072289156,51.30462149440975,53.221347883273104,N/A-financial-sector,50000000.0,GREEN,0,0,0,51.30462149440975,53.221347883273104,51.30462149440975,53.221347883273104,Hold,Hold,Hold
ETERNAL LIMITED,12351.5,ETERNAL,ETERNAL,ETERNAL,Eternal Ltd.,INE758T01015,ETERNAL,consumer services,NotCyclical,275896.5907046669,-0.0008763100587853,-0.0011588376022707,0.1482246610716591,3.0816326530612246,97.29367559591172,168.55703206046533,753.8158215974506,0.1238622360303778,-0.0274994938775239,0.087715988487335,0.3776271932721309,True,True,61.2939821738856,275621522.0,-743612515.0,7599817285.291656,,,Eternal Ltd.,INE758T01015,32.16502732240437,-883.0,8.905635594082213,-0.320047448844776,consumer services,Large,consumer services_Large,18.75,15.625,17.1875,99.00662251655628,99.01639344262296,1.2048192771084338,16.666666666666664,66.66666666666666,33.33333333333333,26.13453815261044,62.88343558282209,73.27044025157232,83.33333333333334,73.16240305590925,66.56626506024097,34.63855421686747,75.0,57.60554154164758,Neutral,-2.6,-0.1340012663032905,0.0450431129232243,7.490361445783133,35.50240963855422,,,1.2232415902140672,99.09638554216868,43.14137913692295,51.49941393045451,GREEN,50000000.0,GREEN,0,0,0,43.14137913692295,51.49941393045451,43.14137913692295,51.49941393045451,Hold,Hold,Hold
ITC HOTELS LIMITED,5619.95,ITCHOTELS,ITCHOTELS,ITCHOTELS,ITC Hotels Ltd.,INE379A01028,ITCHOTELS,Consumer Services,Defensive-Stable,36467.47856918647,0.0704237433522045,0.1261506989430617,0.0063475724824155,26.90909090909091,,16.26404494382023,44.41836610132334,0.0618698097635652,-0.0867509627182328,-0.2427995597921852,0.0198522638437514,True,False,50.40907628430036,52207927.0,32972290.0,390359975.2904816,,,ITC Hotels Ltd.,INE379A01028,55.66304506699147,380.6666666666667,3.128107614443856,1.0438524449790574,consumer services,Mid,consumer services_Mid,40.625,40.625,40.625,,61.967213114754095,37.04819277108434,12.5,87.5,62.5,43.63704819277108,20.85889570552148,46.85534591194968,36.66666666666666,17.396818047356305,54.81927710843374,24.397590361445783,59.375,46.15638152819647,Neutral,-2.6,-0.1340012663032905,0.0450431129232243,7.490361445783133,35.50240963855422,,,60.24464831804281,85.8433734939759,33.88554200818064,48.15741623287603,GREEN,10000000.0,GREEN,0,0,0,33.88554200818064,48.15741623287603,33.88554200818064,48.15741623287603,Sell,Hold,Sell
