category,verdict,style,rank,fund,qfra_score,merit_grade,sentinel,conviction,new_fund,loser_flags,cat_beatTRI_pct,hit_3y_pct,down_capture,AUM_Cr,asof
Large Cap,INDEX CORE (+ satellites),universal lean (momentum/quality),1,HSBC Large Cap Fund(G),100,C,clear,Low/Index-lean,False,0,47,44,0.99,,2026-07-31
Large Cap,INDEX CORE (+ satellites),universal lean (momentum/quality),2,Invesco India Largecap Fund(G),88,C,clear,Low/Index-lean,False,0,47,69,0.97,1255.0,2026-07-31
Large Cap,INDEX CORE (+ satellites),universal lean (momentum/quality),3,Aditya Birla SL Frontline Equity Fund(G),75,C,flagged(1),Low/Index-lean,False,1,47,57,0.92,29395.0,2026-07-31
Large Cap,INDEX CORE (+ satellites),universal lean (momentum/quality),4,Franklin India Bluechip Fund(G),62,C,flagged(1),Low/Index-lean,False,1,47,34,0.89,7789.0,2026-07-31
Large Cap,INDEX CORE (+ satellites),universal lean (momentum/quality),5,HDFC Top 100 Fund(G),50,C,flagged(1),Low/Index-lean,False,1,47,61,0.93,36467.0,2026-07-31
Large & Mid Cap,ACTIVE,universal lean (momentum/quality),1,ICICI Pru Large & Mid Cap Fund(G),100,A,clear,High,False,0,83,42,0.79,17120.0,2026-07-31
Large & Mid Cap,ACTIVE,universal lean (momentum/quality),2,Franklin India Equity Advantage Fund(G),80,A,flagged(1),High,False,1,83,11,0.87,3518.0,2026-07-31
Large & Mid Cap,ACTIVE,universal lean (momentum/quality),3,Kotak Equity Opp Fund(G),60,B,flagged(1),Medium,False,1,83,74,0.97,25034.0,2026-07-31
Large & Mid Cap,ACTIVE,universal lean (momentum/quality),4,Nippon India Vision Fund(G),40,B,flagged(1),Medium,False,1,83,32,0.96,,2026-07-31
Large & Mid Cap,ACTIVE,universal lean (momentum/quality),5,Invesco India Large & Mid Cap Fund(G),20,C,flagged(1),Low/Index-lean,False,1,83,61,0.98,6149.0,2026-07-31
Mid Cap,INDEX CORE (+ satellites),universal lean (momentum/quality),1,Quant Mid Cap Fund(G),100,C,clear,Low/Index-lean,False,0,44,48,0.9,,2026-07-31
Mid Cap,INDEX CORE (+ satellites),universal lean (momentum/quality),2,Aditya Birla SL Midcap Fund(G),88,C,clear,Low/Index-lean,False,0,44,17,0.86,6015.0,2026-07-31
Mid Cap,INDEX CORE (+ satellites),universal lean (momentum/quality),3,Nippon India Growth Fund(G),75,C,clear,Low/Index-lean,False,0,44,57,0.92,,2026-07-31
Mid Cap,INDEX CORE (+ satellites),universal lean (momentum/quality),4,Kotak Emerging Equity Fund(G),62,C,clear,Low/Index-lean,False,0,44,56,0.88,50627.0,2026-07-31
Mid Cap,INDEX CORE (+ satellites),universal lean (momentum/quality),5,Franklin India Prima Fund(G),50,C,clear,Low/Index-lean,False,0,44,20,0.86,12318.0,2026-07-31
Flexi Cap,ACTIVE,universal lean (momentum/quality),1,HDFC Flexi Cap Fund(G),100,A,clear,High,False,0,76,59,0.75,64929.0,2026-07-31
Flexi Cap,ACTIVE,universal lean (momentum/quality),2,Aditya Birla SL Flexi Cap Fund(G),83,A,clear,High,False,0,76,52,0.88,22507.0,2026-07-31
Flexi Cap,ACTIVE,universal lean (momentum/quality),3,Kotak Flexicap Fund(G),67,B,flagged(1),Medium,False,1,76,67,0.98,50582.0,2026-07-31
Flexi Cap,ACTIVE,universal lean (momentum/quality),4,Quant Flexi Cap Fund(G),50,B,flagged(1),Medium,False,1,76,85,1.02,,2026-07-31
Flexi Cap,ACTIVE,universal lean (momentum/quality),5,Franklin India Flexi Cap Fund(G),33,C,flagged(1),Low/Index-lean,False,1,76,66,0.9,17450.0,2026-07-31
Multi Cap,ACTIVE,universal lean (momentum/quality),1,Invesco India Multicap Fund(G),100,A,clear,High,False,0,70,54,0.99,3810.0,2026-07-31
Multi Cap,ACTIVE,universal lean (momentum/quality),2,ICICI Pru Multicap Fund(G),80,A,clear,High,False,0,70,66,0.85,14152.0,2026-07-31
Multi Cap,ACTIVE,universal lean (momentum/quality),3,Quant Active Fund(G),60,B,flagged(1),Medium,False,1,70,72,1.04,,2026-07-31
Multi Cap,ACTIVE,universal lean (momentum/quality),4,Sundaram Multi Cap Fund(G),40,B,flagged(1),Medium,False,1,70,11,0.89,2759.0,2026-07-31
Multi Cap,ACTIVE,universal lean (momentum/quality),5,Nippon India Multi Cap Fund(G),20,D,flagged(2),Low/Index-lean,False,2,70,45,0.9,,2026-07-31
Small Cap,ACTIVE,universal lean (momentum/quality),1,Aditya Birla SL Small Cap Fund(G),100,A,clear,High,False,0,80,39,0.84,5181.0,2026-07-31
Small Cap,ACTIVE,universal lean (momentum/quality),2,Sundaram Small Cap Fund(G),83,A,clear,High,False,0,80,39,0.78,3450.0,2026-07-31
Small Cap,ACTIVE,universal lean (momentum/quality),3,Kotak Small Cap Fund(G),67,B,flagged(1),Medium,False,1,80,72,0.75,17593.0,2026-07-31
Small Cap,ACTIVE,universal lean (momentum/quality),4,Franklin India Smaller Cos Fund(G),50,B,flagged(1),Medium,False,1,80,75,0.81,13944.0,2026-07-31
Small Cap,ACTIVE,universal lean (momentum/quality),5,Nippon India Small Cap Fund(G),33,C,flagged(1),Low/Index-lean,False,1,80,98,0.82,,2026-07-31
Focused,ACTIVE,universal lean (momentum/quality),1,360 ONE Focused Fund,100,A,clear,High,False,0,70,85,0.95,,2026-05-27
Focused,ACTIVE,universal lean (momentum/quality),2,HSBC Focused Fund,97,A,clear,High,False,0,70,69,0.99,,2026-05-27
Focused,ACTIVE,universal lean (momentum/quality),3,Tata Focused Fund,93,B,clear,Medium,False,0,70,85,0.96,,2026-05-27
Focused,ACTIVE,universal lean (momentum/quality),4,Nippon India Focused Fund,88,B,clear,Medium,False,0,70,54,0.89,,2026-05-27
Focused,ACTIVE,universal lean (momentum/quality),5,Sundaram Focused Fund (Formerly Known as Principal Focused Multicap Fund),88,C,clear,Low/Index-lean,False,0,70,0,0.88,,2026-05-27
Value/Contra,ACTIVE,universal lean (momentum/quality),1,Sundaram Value Fund Series II,100,B,clear,Medium,False,0,66,74,0.89,,2026-05-27
Value/Contra,ACTIVE,universal lean (momentum/quality),2,Sundaram Value Fund Series VII,97,B,clear,Medium,False,0,66,10,1.01,,2026-05-27
Value/Contra,ACTIVE,universal lean (momentum/quality),3,L&T India Value Fund,94,B,clear,Medium,False,0,66,59,0.97,,2026-05-27
Value/Contra,ACTIVE,universal lean (momentum/quality),4,Sundaram Value Fund Series,90,B,clear,Medium,False,0,66,43,0.9,,2026-05-27
Value/Contra,ACTIVE,universal lean (momentum/quality),5,Sundaram Value Fund,87,C,clear,Low/Index-lean,False,0,66,24,0.89,,2026-05-27
