category,fund,FN_downside_cap_6M,HC_total_cap_6M,IR_rank,PK_quadrant,CJ_trailing12M_excess,recommendation,anchor,coverage,qfra2_verdict,qfra2_score,qfra2_grade,conviction,qfra2_new_fund,qfra2_asof,young_fund_months
large,Aditya Birla SL Frontline Equity Fund(G),0.9358129335204446,0.9693115963607761,,4.0,0.025818198099746503,HOLD,2025-05-31,1.0,INDEX CORE (+ satellites),50.0,C,Low/Index-lean,False,2026-05-27,
large,Axis Bluechip Fund-Reg(G),0.9202816031950262,1.0375371177746828,,1.0,0.01948802823938256,HOLD,2025-05-31,1.0,,,,,,,
large,Bajaj Finserv Large Cap Fund-Reg(G),0.9826891857358367,0.8988941354741977,,4.0,,HOLD,2025-05-31,1.0,,,,,,,21.2
large,Bandhan Large Cap Fund-Reg(G),1.0730450085281362,0.8876343537941082,,3.0,0.02220039505969673,HOLD,2025-05-31,1.0,,,,,,,
large,Bank of India Bluechip Fund-Reg(G),1.223697151619473,0.8046934455372506,,3.0,-0.06219664996559393,HOLD,2025-05-31,1.0,,,,,,,
large,Baroda BNP Paribas Large Cap Fund-Reg(G),0.9802456573520149,0.8641986253345435,,4.0,-0.005225385622143364,SELL,2025-05-31,1.0,,,,,,,
large,Canara Rob Bluechip Equity Fund-Reg(G),0.9448119475162626,1.0133916765519946,,1.0,0.03925001098859093,HOLD,2025-05-31,1.0,,,,,,,
large,DSP Top 100 Equity Fund-Reg(G),0.9042385877329098,1.0293180944870701,,1.0,0.06670786744049484,HOLD,2025-05-31,1.0,,,,,,,
large,Edelweiss Large Cap Fund-Reg(G),0.9094524330514169,1.0042159301608533,,1.0,0.010850142291775056,HOLD,2025-05-31,1.0,,,,,,,
large,Franklin India Bluechip Fund(G),0.9441292059796836,0.9248516813285689,,4.0,0.046226008972487964,HOLD,2025-05-31,1.0,INDEX CORE (+ satellites),62.0,C,Low/Index-lean,False,2026-05-27,
large,Groww Largecap Fund-Reg(G),1.0881336635668433,0.8179968965383827,,3.0,-0.04701091594527018,HOLD,2025-05-31,1.0,,,,,,,
large,HDFC Top 100 Fund(G),0.9175096354507892,1.011782675810092,,1.0,0.0026882841538682367,HOLD,2025-05-31,1.0,,,,,,,
large,HSBC Large Cap Fund(G),1.1054620007168676,0.9411454257577198,,3.0,0.029293106251697454,HOLD,2025-05-31,1.0,INDEX CORE (+ satellites),100.0,C,Low/Index-lean,False,2026-05-27,
large,ICICI Pru Bluechip Fund(G),0.8811018681956376,1.0177781194606739,5.0,1.0,0.02518951733757091,HOLD,2025-05-31,1.0,,,,,,,
large,Invesco India Largecap Fund(G),1.082137872151949,0.8568175705587454,,3.0,0.019132126936554084,HOLD,2025-05-31,1.0,INDEX CORE (+ satellites),88.0,C,Low/Index-lean,False,2026-05-27,
large,ITI Large Cap Fund-Reg(G),1.1535162245060477,0.9587591152240964,,3.0,-0.04598065840834065,HOLD,2025-05-31,1.0,,,,,,,
large,JM Large Cap Fund-Reg(G),1.168884410372895,0.8359142419186679,,3.0,-0.05417463902392361,HOLD,2025-05-31,1.0,,,,,,,
large,LIC MF Large Cap Fund-Reg(G),1.0291214344178132,1.0169531393097222,,4.0,0.01782980239766907,HOLD,2025-05-31,1.0,,,,,,,
large,Mahindra Manulife Large Cap Fund-Reg(G),0.9124539535129377,0.9686144869182486,,4.0,0.006897203157118614,HOLD,2025-05-31,1.0,,,,,,,
large,Mirae Asset Large Cap Fund-Reg(G),0.986684364442527,0.965978277132894,,4.0,0.03251891208023561,HOLD,2025-05-31,1.0,,,,,,,
large,Motilal Oswal Large Cap Fund-Reg(G),0.8737344183113068,1.303512926677384,1.0,1.0,0.1677032108711305,BUY,2025-05-31,1.0,,,,,,,27.5
large,Nippon India Large Cap Fund(G),0.9755748478519259,0.9524517953749139,,4.0,0.009359172943737892,HOLD,2025-05-31,1.0,INDEX CORE (+ satellites),75.0,C,Low/Index-lean,False,2026-05-27,
large,PGIM India Large Cap Fund(G),0.9479568551944139,1.0287332599192662,,1.0,0.010202611934288619,HOLD,2025-05-31,1.0,,,,,,,
large,Quant Large Cap Fund-Reg(G),1.1011995592910138,0.9726041056667404,,3.0,-0.05811889141906057,HOLD,2025-05-31,1.0,,,,,,,
large,SBI BlueChip Fund-Reg(G),0.8769003037193401,1.0027798567376058,10.0,1.0,0.02762281477130002,HOLD,2025-05-31,1.0,,,,,,,
large,Sundaram Large Cap Fund-Reg(G),0.8882717243129712,1.0015601533363034,11.0,1.0,0.013033197792043483,HOLD,2025-05-31,1.0,,,,,,,
large,Tata Large Cap Fund-Reg(G),0.9900116404584743,0.9971181798045196,,4.0,-0.00806227077042232,SELL,2025-05-31,1.0,,,,,,,
large,Taurus Large Cap Fund-Reg(G),1.0539225097944955,0.891703663361244,,3.0,-0.01401515107714979,HOLD,2025-05-31,1.0,,,,,,,
large,Union Largecap Fund-Reg(G),1.004984144947008,0.9354664290773893,,3.0,-0.02728220472116305,HOLD,2025-05-31,1.0,,,,,,,
large,WOC Large Cap Fund-Reg(G),1.0417230098267483,0.9295908700947065,,3.0,0.03528708594231911,HOLD,2025-05-31,1.0,,,,,,,
largemid,Axis Growth Opp Fund-Reg(G),0.9009812510809974,1.0430763365556777,8.0,1.0,0.08187942379927038,HOLD,2025-01-31,1.0,,,,,,,
largemid,Bajaj Finserv Large and Mid Cap Fund-Reg(G),0.8081743029157704,0.9334110539174956,24.0,4.0,,HOLD,2025-01-31,1.0,,,,,,,11.1
largemid,Bandhan Core Equity Fund-Reg(G),0.9548958580962145,0.9907123715125044,15.0,4.0,0.05657312285584526,HOLD,2025-01-31,1.0,,,,,,,
largemid,Bank of India Large & Mid Cap Equity Fund-Reg(G),1.0661067037028054,0.9578741747260044,,3.0,-0.024083635594629227,HOLD,2025-01-31,1.0,,,,,,,
largemid,Baroda BNP Paribas Large & Mid Cap Fund-Reg(G),0.9053335541663692,0.9582479099363621,18.0,4.0,0.01813008405751715,HOLD,2025-01-31,1.0,,,,,,,
largemid,Canara Rob Emerg Equities Fund-Reg(G),1.0288360119681803,1.094465114021475,,4.0,0.07709527794204418,HOLD,2025-01-31,1.0,,,,,,,
largemid,DSP Equity Opportunities Fund-Reg(G),0.9375743050921144,0.9503587798103648,21.0,4.0,0.05982473977725267,HOLD,2025-01-31,1.0,,,,,,,
largemid,Edelweiss Large & Mid Cap Fund-Reg(G),1.000199804271573,1.0767232422470059,,4.0,0.0358018287940971,HOLD,2025-01-31,1.0,,,,,,,
largemid,Franklin India Equity Advantage Fund(G),0.8588587482183286,0.9702006639655515,17.0,4.0,0.03766144793221149,HOLD,2025-01-31,1.0,ACTIVE,80.0,A,High,False,2026-05-27,
largemid,HDFC Large and Mid Cap Fund-Reg(G),0.9719324849807556,0.9571945175238087,20.0,4.0,0.0019938987343952608,HOLD,2025-01-31,1.0,,,,,,,
largemid,Helios Large & Mid Cap Fund-Reg(G),0.6159767782102272,0.7967793911140709,28.0,4.0,,HOLD,2025-01-31,1.0,,,,,,,2.9
largemid,HSBC Large & Mid Cap Fund-Reg(G),1.2051248004275679,1.164433024636225,,4.0,0.06884668939172789,HOLD,2025-01-31,1.0,,,,,,,
largemid,ICICI Pru Large & Mid Cap Fund(G),0.7773284045094403,0.9430703182505332,23.0,4.0,0.06989010238949422,HOLD,2025-01-31,1.0,ACTIVE,100.0,A,High,False,2026-05-27,
largemid,Invesco India Large & Mid Cap Fund(G),1.023158727113598,1.1637726420616048,,4.0,0.1129846467318294,HOLD,2025-01-31,1.0,ACTIVE,20.0,C,Low/Index-lean,False,2026-05-27,
largemid,ITI Large & Mid Cap Fund-Reg(G),0.9366083392109859,0.8633339702704276,27.0,4.0,,HOLD,2025-01-31,1.0,,,,,,,4.6
largemid,Kotak Equity Opp Fund(G),1.0065999524957183,0.9772925148952432,,3.0,0.04523808846561428,HOLD,2025-01-31,1.0,ACTIVE,60.0,B,Medium,False,2026-05-27,
largemid,LIC MF Large & Midcap Fund-Reg(G),1.03647213225773,1.0401964647377124,,4.0,0.06210199752880041,HOLD,2025-01-31,1.0,,,,,,,
largemid,Mahindra Manulife Large & Mid Cap Fund-Reg(G),1.0051299629407873,0.9492561681750917,,3.0,-0.061648942086974357,HOLD,2025-01-31,1.0,,,,,,,
largemid,Mirae Asset Large & Midcap Fund-Reg(G),0.9993835616791361,0.9309001579938252,25.0,4.0,-0.030227090206761398,SELL,2025-01-31,1.0,,,,,,,
largemid,Motilal Oswal Large & Midcap Fund-Reg(G),1.164001323547783,1.3528743314911582,,4.0,0.13257711762306412,HOLD,2025-01-31,1.0,,,,,,,
largemid,Navi Large & Midcap Fund-Reg(G),0.9539109503467283,0.9959848517484677,13.0,4.0,-0.004089044012430598,SELL,2025-01-31,1.0,,,,,,,
largemid,Nippon India Vision Fund(G),0.9705402953971475,1.058455597308406,7.0,1.0,0.0665419199055386,HOLD,2025-01-31,1.0,ACTIVE,40.0,B,Medium,False,2026-05-27,
largemid,PGIM India Large and Mid Cap Fund(G),0.9020699416610442,1.040940383882653,9.0,1.0,,HOLD,2025-01-31,1.0,,,,,,,11.5
largemid,Quant Large & Mid Cap Fund(G),0.945623442697173,0.7741832484690334,29.0,4.0,-0.026260316705798648,SELL,2025-01-31,1.0,,,,,,,
largemid,Sundaram Large and Mid Cap Fund(G),0.935437029509594,0.9907679792125406,14.0,4.0,0.029123417109555128,HOLD,2025-01-31,1.0,,,,,,,
largemid,Tata Large & Mid Cap Fund-Reg(G),0.9222197503419346,0.901963559431879,26.0,4.0,-0.01794636110996284,SELL,2025-01-31,1.0,,,,,,,
largemid,Union Large & Midcap Fund-Reg(G),1.0174480591235,1.028913619062476,,4.0,-0.0029820914970275503,SELL,2025-01-31,1.0,,,,,,,
largemid,UTI Large & Mid Cap Fund-Reg(G),0.9311186113351256,1.0116955135396015,12.0,1.0,0.09167293045498104,HOLD,2025-01-31,1.0,,,,,,,
largemid,WOC Large & Mid Cap Fund-Reg(G),0.9580092617871101,1.0693921938017317,6.0,1.0,0.053927307139617575,HOLD,2025-01-31,1.0,,,,,,,13.4
mid,Aditya Birla SL Midcap Fund(G),0.8963060329199272,0.8970571455851839,,4.0,0.01681492573018395,HOLD,2025-01-31,1.0,INDEX CORE (+ satellites),88.0,C,Low/Index-lean,False,2026-05-27,
mid,Axis Midcap Fund-Reg(G),0.8933987611806515,0.9249425948140233,,4.0,0.0802437090125463,HOLD,2025-01-31,1.0,,,,,,,
mid,Bandhan Midcap Fund-Reg(G),0.9664799606343576,0.9828189408454008,,4.0,0.06937508135347614,HOLD,2025-01-31,1.0,,,,,,,29.5
mid,Baroda BNP Paribas Mid Cap Fund-Reg(G),0.9125235527854841,0.9446894764892283,,4.0,0.03871926960881544,HOLD,2025-01-31,1.0,,,,,,,
mid,Canara Rob Mid Cap Fund-Reg(G),0.9643487170925396,0.922982363174167,,4.0,0.03942485784167893,HOLD,2025-01-31,1.0,,,,,,,25.9
mid,DSP Midcap Fund-Reg(G),0.9425973123577296,0.9204091261505118,,4.0,0.02557470126067085,HOLD,2025-01-31,1.0,,,,,,,
mid,Edelweiss Mid Cap Fund-Reg(G),0.958457358808854,1.0977395843238047,,1.0,0.10927848221816605,HOLD,2025-01-31,1.0,,,,,,,
mid,Franklin India Prima Fund(G),0.8906717684825483,0.969991210676667,,4.0,0.08296530467146845,HOLD,2025-01-31,1.0,INDEX CORE (+ satellites),50.0,C,Low/Index-lean,False,2026-05-27,
mid,HDFC Mid-Cap Opportunities Fund(G),0.8642006067358425,0.9418108546603909,,4.0,0.0383931439262315,HOLD,2025-01-31,1.0,,,,,,,
mid,HSBC Midcap Fund-Reg(G),1.108529685954193,1.1162313008484317,,4.0,0.05583722613033282,HOLD,2025-01-31,1.0,,,,,,,
mid,ICICI Pru Midcap Fund(G),0.9814675196276575,0.9649230671313498,,4.0,0.02344664739466884,HOLD,2025-01-31,1.0,INDEX CORE (+ satellites),62.0,C,Low/Index-lean,False,2026-05-27,
mid,Invesco India Midcap Fund(G),0.9328046883511922,1.0826392410060248,,1.0,0.1178876783367262,HOLD,2025-01-31,1.0,,,,,,,
mid,ITI Mid Cap Fund-Reg(G),1.038533753854104,0.9391724726659669,,3.0,0.023408298266077043,HOLD,2025-01-31,1.0,,,,,,,
mid,JM Midcap Fund-Reg(G),1.0190301352182503,0.9446027817405659,,3.0,0.049727346404461414,HOLD,2025-01-31,1.0,,,,,,,26.2
mid,Kotak Emerging Equity Fund(G),0.9386302486729488,0.9760729513618696,,4.0,0.10229147690065421,HOLD,2025-01-31,1.0,,,,,,,
mid,LIC MF Midcap Fund(G),0.9218500827419364,0.925527271138852,,4.0,0.07785777274905037,HOLD,2025-01-31,1.0,,,,,,,
mid,Mahindra Manulife Mid Cap Fund-Reg(G),0.9818244689935973,0.9361136770828088,,4.0,0.020260618134366082,HOLD,2025-01-31,1.0,,,,,,,
mid,Mirae Asset Midcap Fund-Reg(G),0.9502194653405549,0.8757729146585809,,4.0,-0.04013835986918868,SELL,2025-01-31,1.0,,,,,,,
mid,Motilal Oswal Midcap Fund-Reg(G),0.9184762251386044,1.0647609603671844,,1.0,0.18779617934543147,HOLD,2025-01-31,1.0,,,,,,,
mid,Nippon India Growth Fund(G),0.9343840657186596,0.9778238036121835,,4.0,0.04179975432037297,HOLD,2025-01-31,1.0,INDEX CORE (+ satellites),75.0,C,Low/Index-lean,False,2026-05-27,
mid,PGIM India Midcap Opp Fund-Reg(G),0.884770912107567,0.9415636503506879,,4.0,0.007528970603235541,HOLD,2025-01-31,1.0,,,,,,,
mid,Quant Mid Cap Fund(G),0.9431530284756708,0.7875676155953822,,4.0,-0.048700542607444275,SELL,2025-01-31,1.0,INDEX CORE (+ satellites),100.0,C,Low/Index-lean,False,2026-05-27,
mid,SBI Magnum Midcap Fund-Reg(G),0.7574868540990927,0.8789243153668662,25.0,4.0,0.037317538259486804,HOLD,2025-01-31,1.0,,,,,,,
mid,Sundaram Mid Cap Fund-Reg(G),0.9050107563946876,0.9991221852070722,,4.0,0.07234947240777312,HOLD,2025-01-31,1.0,,,,,,,
mid,Tata Mid Cap Growth Fund-Reg(G),0.8928206537301675,0.8329430644139731,,4.0,0.004327290029486397,HOLD,2025-01-31,1.0,,,,,,,
mid,Taurus Mid Cap Fund-Reg(G),1.049399821258471,0.9024874524932733,,3.0,-0.10940781144379486,HOLD,2025-01-31,1.0,,,,,,,
mid,Union Midcap Fund-Reg(G),0.9789450906640553,0.9529408485794536,,4.0,0.010437315322248786,HOLD,2025-01-31,1.0,,,,,,,
mid,WOC Mid Cap Fund-Reg(G),0.9287974563592204,1.0547340057097416,,1.0,0.05727608537876927,HOLD,2025-01-31,1.0,,,,,,,28.8
flexi,360 ONE Flexicap Fund-Reg(G),1.0045067238279477,0.9873119895765617,,3.0,0.08122704820595406,HOLD,2025-01-31,1.0,,,,,,,18.9
flexi,Aditya Birla SL Flexi Cap Fund(G),0.9060347241313194,1.0072070345882898,18.0,1.0,0.03322457230602116,HOLD,2025-01-31,1.0,,,,,,,
flexi,Axis Flexi Cap Fund-Reg(G),0.9757838970305525,1.0733337432654677,10.0,1.0,0.060171143464581966,HOLD,2025-01-31,1.0,,,,,,,
flexi,Bajaj Finserv Flexi Cap Fund-Reg(G),0.8678194199851753,0.992930868073755,23.0,4.0,0.07512319228759834,HOLD,2025-01-31,1.0,,,,,,,17.6
flexi,Bandhan Flexi Cap Fund-Reg(G),0.8840986388449911,0.9579420118055317,30.0,4.0,0.022981751408974516,HOLD,2025-01-31,1.0,,,,,,,
flexi,Bank of India Flexi Cap Fund-Reg(G),1.1772640669254468,1.0447016007581722,,4.0,0.03846517952560813,HOLD,2025-01-31,1.0,,,,,,,
flexi,Baroda BNP Paribas Flexi Cap Fund-Reg(G),0.9940792303199155,0.9942537899847396,20.0,4.0,0.02125159689172773,HOLD,2025-01-31,1.0,,,,,,,29.4
flexi,Canara Rob Flexi Cap Fund-Reg(G),0.9180992482401445,0.9964623421715768,19.0,4.0,0.031020315091921713,HOLD,2025-01-31,1.0,,,,,,,
flexi,Edelweiss Flexi Cap Fund-Reg(G),1.025362008273081,1.055132307705085,,4.0,0.06383031245401583,HOLD,2025-01-31,1.0,,,,,,,
flexi,Franklin India Flexi Cap Fund(G),0.9129706743017445,0.9923972528157091,24.0,4.0,0.04012861969447945,HOLD,2025-01-31,1.0,ACTIVE,33.0,C,Low/Index-lean,False,2026-05-27,
flexi,HDFC Flexi Cap Fund(G),0.758787407590679,1.0216165113675475,15.0,1.0,0.08840210112113245,HOLD,2025-01-31,1.0,ACTIVE,83.0,A,High,False,2026-05-27,
flexi,Helios Flexi Cap Fund-Reg(G),0.9979129227079636,1.0959422437801605,7.0,1.0,0.05615016444360288,HOLD,2025-01-31,1.0,,,,,,,14.6
flexi,HSBC Flexi Cap Fund-Reg(G),1.0701005204944276,1.1035008280959568,,4.0,0.05529334259721641,HOLD,2025-01-31,1.0,,,,,,,
flexi,ICICI Pru Flexicap Fund(G),0.9468184610989598,0.9858802572904363,26.0,4.0,0.050579844848892996,HOLD,2025-01-31,1.0,ACTIVE,67.0,B,Medium,False,2026-05-27,
flexi,Invesco India Flexi Cap Fund-Reg(G),1.01217870628273,1.15002830628471,,4.0,0.10084616086193754,HOLD,2025-01-31,1.0,,,,,,,
flexi,ITI Flexi Cap Fund-Reg(G),1.1207417546562843,1.058786244828736,,4.0,0.013892549163470935,HOLD,2025-01-31,1.0,,,,,,,23.3
flexi,JM Flexicap Fund-Reg(G),1.0695249284005204,0.9733445310934041,,3.0,0.08873007972795266,HOLD,2025-01-31,1.0,,,,,,,
flexi,Kotak Flexicap Fund(G),0.9786376830649918,0.9940976686194581,21.0,4.0,0.04185814572950486,HOLD,2025-01-31,1.0,ACTIVE,100.0,A,High,False,2026-05-27,
flexi,LIC MF Flexi Cap Fund-Reg(G),1.0581286561687009,1.021446856236789,,4.0,0.018079345501158972,HOLD,2025-01-31,1.0,,,,,,,
flexi,Mahindra Manulife Flexi Cap Fund-Reg(G),0.9556598336572415,0.9343376649917209,32.0,4.0,-0.01376500010505266,SELL,2025-01-31,1.0,,,,,,,
flexi,Mirae Asset Flexi Cap Fund-Reg(G),0.9700185614368013,1.0909524756822486,9.0,1.0,0.020477592618416196,HOLD,2025-01-31,1.0,,,,,,,23.3
flexi,Motilal Oswal Flexi Cap Fund-Reg(G),1.0847188096737457,1.2852407601640985,,4.0,0.16250951533375257,HOLD,2025-01-31,1.0,,,,,,,
flexi,Navi Flexi Cap Fund-Reg(G),0.9321752685566124,0.9162974627957042,33.0,4.0,-0.036593147238829005,SELL,2025-01-31,1.0,,,,,,,
flexi,Nippon India Flexi Cap Fund-Reg(G),1.0326039831268143,0.9832342662604189,,3.0,-0.011152630664550633,HOLD,2025-01-31,1.0,,,,,,,
flexi,NJ Flexi Cap Fund-Reg(G),1.000656809371128,0.7515191624182184,,3.0,-0.04690357831602232,HOLD,2025-01-31,1.0,,,,,,,16.9
flexi,Parag Parikh Flexi Cap Fund-Reg(G),0.5794764952653834,1.1652353680610572,3.0,1.0,0.1163419235349945,BUY,2025-01-31,1.0,,,,,,,
flexi,PGIM India Flexi Cap Fund-Reg(G),0.9682944871719945,1.095642874983373,8.0,1.0,0.021906680654664612,HOLD,2025-01-31,1.0,,,,,,,
flexi,Quant Flexi Cap Fund(G),1.0838153865546496,0.8232616147307551,,3.0,-0.07052555666626947,HOLD,2025-01-31,1.0,ACTIVE,50.0,B,Medium,False,2026-05-27,
flexi,Samco Flexi Cap Fund-Reg(G),1.2747524775161798,0.915499816848894,,3.0,-0.22111615406312501,HOLD,2025-01-31,1.0,,,,,,,
flexi,SBI Flexicap Fund-Reg(G),0.8486340561841669,0.9719088240027413,29.0,4.0,0.0003383795506772813,HOLD,2025-01-31,1.0,,,,,,,
flexi,Shriram Flexi Cap Fund-Reg(G),1.134396511791863,0.8155735855754254,,3.0,-0.13159433611851068,HOLD,2025-01-31,1.0,,,,,,,
flexi,Sundaram Flexi Cap Fund-Reg(G),0.8718959697929968,1.0399423411208129,14.0,1.0,0.027470433691806573,HOLD,2025-01-31,1.0,,,,,,,28.9
flexi,Tata Flexi Cap Fund-Reg(G),0.855079271803614,0.9931134368314488,22.0,4.0,0.022421365848035446,HOLD,2025-01-31,1.0,,,,,,,
flexi,Taurus Flexi Cap Fund-Reg(G),1.0323480597371546,0.9569741041771103,,3.0,-0.005303563737012906,HOLD,2025-01-31,1.0,,,,,,,
flexi,TRUSTMF Flexi Cap Fund-Reg(G),0.9626689941103319,1.1841672917272479,2.0,1.0,,BUY,2025-01-31,1.0,,,,,,,9.2
flexi,Union Flexi Cap Fund-Reg(G),0.9537188029969145,1.0112553214563123,17.0,1.0,-0.01716763946003219,HOLD,2025-01-31,1.0,,,,,,,
flexi,WOC Flexi Cap Fund-Reg(G),0.9460514660495828,1.129803574887829,5.0,1.0,0.0652536803889956,HOLD,2025-01-31,1.0,,,,,,,
multi,Aditya Birla SL Multi-Cap Fund-Reg(G),0.9043606432917983,0.9448225408274042,,4.0,0.03242012734637867,HOLD,2025-01-31,1.0,,,,,,,
multi,Axis Multicap Fund-Reg(G),0.9644576100728506,1.1155323026635844,,1.0,0.11154086281851194,HOLD,2025-01-31,1.0,,,,,,,
multi,Bandhan Multi Cap Fund-Reg(G),0.9307704311981405,0.93680216231212,,4.0,0.013730823843744355,HOLD,2025-01-31,1.0,,,,,,,
multi,Bank of India Multi Cap Fund-Reg(G),1.0537616636785188,1.0507669825148611,,4.0,0.018881709309569894,HOLD,2025-01-31,1.0,,,,,,,23.0
multi,Baroda BNP Paribas Multi Cap Fund-Reg(G),0.9805695898148794,1.1150167385528584,,1.0,0.08713353914975697,HOLD,2025-01-31,1.0,,,,,,,
multi,Canara Rob Multi Cap Fund-Reg(G),0.9233069371562507,1.0102534212168695,,1.0,0.05156484510851311,HOLD,2025-01-31,1.0,,,,,,,18.0
multi,DSP Multicap Fund-Reg(G),0.9539962696015123,0.9621120397360051,,4.0,0.034921696393221735,HOLD,2025-01-31,1.0,,,,,,,12.1
multi,Edelweiss Multi Cap Fund-Reg(G),1.0003588079066017,1.0684218462887796,,4.0,0.05317600576384329,HOLD,2025-01-31,1.0,,,,,,,15.1
multi,Franklin India Multi Cap Fund-Reg(G),0.8858615309997372,0.9733403817534495,17.0,4.0,,HOLD,2025-01-31,1.0,,,,,,,6.1
multi,HDFC Multi Cap Fund-Reg(G),0.9868897942158925,0.9577292698388784,,4.0,0.012166356467645745,HOLD,2025-01-31,1.0,,,,,,,
multi,HSBC Multi Cap Fund-Reg(G),1.0428251081558308,1.0528968995963042,,4.0,0.03725857088928808,HOLD,2025-01-31,1.0,,,,,,,23.9
multi,ICICI Pru Multicap Fund(G),0.8339783165557498,0.9358423356557513,24.0,4.0,0.055558383794018784,HOLD,2025-01-31,1.0,ACTIVE,80.0,A,High,False,2026-05-27,
multi,Invesco India Multicap Fund(G),0.9990333510900336,1.1910282926711007,,1.0,0.07981853155909824,HOLD,2025-01-31,1.0,ACTIVE,100.0,A,High,False,2026-05-27,
multi,ITI Multi-Cap Fund-Reg(G),1.0858714149214532,0.992879868338798,,3.0,-0.01718128731013513,HOLD,2025-01-31,1.0,,,,,,,
multi,Kotak Multicap Fund-Reg(G),1.0074765092901599,1.0417445993806596,,4.0,0.045469954400927604,HOLD,2025-01-31,1.0,,,,,,,
multi,LIC MF Multi Cap Fund-Reg(G),1.014142892035246,1.072138737181834,,4.0,0.09830605384982105,HOLD,2025-01-31,1.0,,,,,,,27.0
multi,Mahindra Manulife Multi Cap Fund-Reg(G),0.9927901781199197,0.9641914496070333,,4.0,-0.01923777297838214,SELL,2025-01-31,1.0,,,,,,,
multi,Mirae Asset Multicap Fund-Reg(G),0.9800309461491339,0.9780222891411988,,4.0,-0.010627946901907936,SELL,2025-01-31,1.0,,,,,,,17.4
multi,Motilal Oswal Multi Cap Fund-Reg(G),1.0415181037825505,1.607292892918805,,4.0,,HOLD,2025-01-31,1.0,,,,,,,7.4
multi,Nippon India Multi Cap Fund(G),0.9583995082983617,0.9660137332917578,,4.0,0.0642825850237545,HOLD,2025-01-31,1.0,ACTIVE,20.0,D,Low/Index-lean,False,2026-05-27,
multi,PGIM India Multi Cap Fund-Reg(G),0.8417648133355157,0.8010184649032873,27.0,4.0,,HOLD,2025-01-31,1.0,,,,,,,4.6
multi,Quant Active Fund(G),1.0560185592509785,0.8256305471717095,,3.0,-0.08771435074829692,HOLD,2025-01-31,1.0,ACTIVE,40.0,B,Medium,False,2026-05-27,
multi,Samco Multi Cap Fund-Reg(G),0.45902777380101256,0.4345661126865002,28.0,4.0,,HOLD,2025-01-31,1.0,,,,,,,2.8
multi,SBI Multicap Fund-Reg(G),0.8396232344028206,1.1089046926644883,6.0,1.0,0.0999113457657943,HOLD,2025-01-31,1.0,,,,,,,
multi,Sundaram Multi Cap Fund(G),0.9090839124538418,0.9790425219163714,,4.0,0.015408386955830133,HOLD,2025-01-31,1.0,ACTIVE,60.0,B,Medium,False,2026-05-27,
multi,Tata Multicap Fund-Reg(G),1.0354951363714726,0.93260440960523,,3.0,-0.06508470817027057,HOLD,2025-01-31,1.0,,,,,,,23.8
multi,Union Multicap Fund-Reg(G),0.9637798382991807,1.0313118444073648,,1.0,0.021602770158329898,HOLD,2025-01-31,1.0,,,,,,,25.2
multi,WOC Multi Cap Fund-Reg(G),0.9489997828297532,1.1479475649338768,,1.0,0.08265276160791091,HOLD,2025-01-31,1.0,,,,,,,16.3
small,Aditya Birla SL Small Cap Fund(G),0.9351289880907716,0.8871399291392332,21.0,4.0,-0.004980788525329016,SELL,2025-01-31,1.0,ACTIVE,100.0,A,High,False,2026-05-27,
small,Axis Small Cap Fund-Reg(G),0.8147810305593428,0.9554520173030215,16.0,4.0,0.05844230601030209,HOLD,2025-01-31,1.0,,,,,,,
small,Bandhan Small Cap Fund-Reg(G),0.916672144652584,1.1163044836360727,4.0,1.0,0.15481708173170738,HOLD,2025-01-31,1.0,,,,,,,
small,Bank of India Small Cap Fund-Reg(G),1.0009599706922183,1.0700056699748837,,4.0,0.07038602347090972,HOLD,2025-01-31,1.0,,,,,,,
small,Baroda BNP Paribas Small Cap Fund-Reg(G),0.8981737815658085,0.8543421815113749,22.0,4.0,-0.001742830634688497,SELL,2025-01-31,1.0,,,,,,,15.0
small,Canara Rob Small Cap Fund-Reg(G),0.8872956263258681,0.9038218077082527,18.0,4.0,0.02880707343548794,HOLD,2025-01-31,1.0,,,,,,,
small,DSP Small Cap Fund-Reg(G),0.8877304140390547,0.9697210635940358,13.0,4.0,0.04197081157812543,HOLD,2025-01-31,1.0,,,,,,,
small,Edelweiss Small Cap Fund-Reg(G),0.8598404452699271,0.9836204618520974,11.0,4.0,0.05850133475777808,HOLD,2025-01-31,1.0,,,,,,,
small,Franklin India Smaller Cos Fund(G),0.8857115458230814,0.8529160251622266,23.0,4.0,0.0334151083337304,HOLD,2025-01-31,1.0,ACTIVE,50.0,B,Medium,False,2026-05-27,
small,HDFC Small Cap Fund-Reg(G),0.8526577839446052,0.903515787282137,19.0,4.0,-0.009842014043748515,SELL,2025-01-31,1.0,,,,,,,
small,HSBC Small Cap Fund-Reg(G),0.9650145460481147,0.9858043690020597,10.0,4.0,0.023327226128732503,HOLD,2025-01-31,1.0,,,,,,,
small,ICICI Pru Smallcap Fund(G),0.7636085268027291,0.7705686080328996,27.0,4.0,0.007705065577913617,HOLD,2025-01-31,1.0,ACTIVE,33.0,C,Low/Index-lean,False,2026-05-27,
small,Invesco India Smallcap Fund-Reg(G),0.9344408847617898,1.1587048449360529,3.0,1.0,0.13950720951241036,BUY,2025-01-31,1.0,,,,,,,
small,ITI Small Cap Fund-Reg(G),0.9870277422999221,1.0659161714764176,8.0,1.0,0.08678007853741088,HOLD,2025-01-31,1.0,,,,,,,
small,JM Small Cap Fund-Reg(G),1.010494388553905,1.0811041064458022,,4.0,,HOLD,2025-01-31,1.0,,,,,,,7.3
small,Kotak Small Cap Fund(G),0.8076070568650078,0.8510791717764922,24.0,4.0,0.07293546291086495,HOLD,2025-01-31,1.0,ACTIVE,67.0,B,Medium,False,2026-05-27,
small,LIC MF Small Cap Fund(G),1.027139815552048,1.1608625068985305,,4.0,0.13262188032362632,HOLD,2025-01-31,1.0,,,,,,,
small,Mahindra Manulife Small Cap Fund-Reg(G),0.9818503202929845,0.9519601147402538,17.0,4.0,0.017217354737822266,HOLD,2025-01-31,1.0,,,,,,,25.6
small,Motilal Oswal Small Cap Fund-Reg(G),0.800914760079823,1.1763739565224196,1.0,1.0,0.2235031584862439,BUY,2025-01-31,1.0,,,,,,,13.1
small,Nippon India Small Cap Fund(G),0.9189073072497074,0.895388177777405,20.0,4.0,0.051604930946998584,HOLD,2025-01-31,1.0,,,,,,,
small,PGIM India Small Cap Fund-Reg(G),0.8586532071047015,0.9729710694307624,12.0,4.0,0.03660688271502477,HOLD,2025-01-31,1.0,,,,,,,
small,Quant Small Cap Fund(G),0.8667569391914344,0.8031053262132591,26.0,4.0,-0.030395979618842217,SELL,2025-01-31,1.0,,,,,,,
small,Quantum Small Cap Fund-Reg(G),0.7254365563240625,0.8469767040172385,25.0,4.0,0.005125401233543325,HOLD,2025-01-31,1.0,,,,,,,14.8
small,SBI Small Cap Fund-Reg(G),0.7752217046894776,0.7562848753896609,28.0,4.0,0.05008973678614348,HOLD,2025-01-31,1.0,,,,,,,
small,Sundaram Small Cap Fund(G),0.8304597609296118,0.956178494755348,15.0,4.0,0.02820985486798544,HOLD,2025-01-31,1.0,ACTIVE,83.0,A,High,False,2026-05-27,
small,Tata Small Cap Fund-Reg(G),0.9199651586632077,0.9642257675033954,14.0,4.0,0.07872084976366356,HOLD,2025-01-31,1.0,,,,,,,
small,TRUSTMF Small Cap Fund-Reg(G),0.5218907301047631,0.7410861992811072,29.0,4.0,,HOLD,2025-01-31,1.0,,,,,,,2.9
small,Union Small Cap Fund-Reg(G),1.0061972847930971,1.092600957758618,,4.0,-0.0010898603113114191,SELL,2025-01-31,1.0,,,,,,,
small,UTI Small Cap Fund-Reg(G),0.9013164307533569,1.0319799025792462,9.0,1.0,0.07695010953851344,HOLD,2025-01-31,1.0,,,,,,,
